1.000000,-0.000399,-0.000399,1.000000,
1.000000,-0.015848,-0.004525,-0.015848,1.000000,-0.025981,-0.004525,-0.025981,1.000000,
1.000000,-0.005252,-0.005059,0.010021,-0.005252,1.000000,0.014574,0.003898,-0.005059,0.014574,1.000000,0.015312,0.010021,0.003898,0.015312,1.000000,
1.000000,-0.009772,-0.006481,0.005026,0.004344,-0.009772,1.000000,0.016674,-0.010023,-0.020151,-0.006481,0.016674,1.000000,0.010667,0.008657,0.005026,-0.010023,0.010667,1.000000,0.009447,0.004344,-0.020151,0.008657,0.009447,1.000000,
1.000000,0.003133,0.000463,0.007236,-0.001485,-0.017312,0.003133,1.000000,0.001730,0.003357,0.004491,-0.010486,0.000463,0.001730,1.000000,0.019041,0.004714,-0.005912,0.007236,0.003357,0.019041,1.000000,-0.006064,-0.015096,-0.001485,0.004491,0.004714,-0.006064,1.000000,0.000126,-0.017312,-0.010486,-0.005912,-0.015096,0.000126,1.000000,
1.000000,0.005401,0.010595,-0.008597,0.019798,-0.003598,0.002204,0.005401,1.000000,0.006834,0.016782,-0.001986,-0.000610,-0.005623,0.010595,0.006834,1.000000,-0.001071,0.009908,0.005067,0.010555,-0.008597,0.016782,-0.001071,1.000000,0.005254,-0.007438,0.011913,0.019798,-0.001986,0.009908,0.005254,1.000000,-0.002973,0.012064,-0.003598,-0.000610,0.005067,-0.007438,-0.002973,1.000000,-0.007845,0.002204,-0.005623,0.010555,0.011913,0.012064,-0.007845,1.000000,
1.000000,-0.000743,-0.017215,0.004786,-0.003891,0.007416,-0.004129,0.014095,-0.000743,1.000000,0.002819,-0.018782,0.008259,-0.014621,-0.004693,-0.007323,-0.017215,0.002819,1.000000,0.018795,0.019239,0.016205,-0.000176,0.006032,0.004786,-0.018782,0.018795,1.000000,0.016439,0.004205,0.010624,0.008832,-0.003891,0.008259,0.019239,0.016439,1.000000,-0.011041,0.001621,-0.003036,0.007416,-0.014621,0.016205,0.004205,-0.011041,1.000000,0.009975,-0.012235,-0.004129,-0.004693,-0.000176,0.010624,0.001621,0.009975,1.000000,0.002447,0.014095,-0.007323,0.006032,0.008832,-0.003036,-0.012235,0.002447,1.000000,
1.000000,0.003498,-0.002765,0.029681,-0.011840,0.001752,0.017808,0.002461,0.001168,0.003498,1.000000,-0.000129,-0.001193,0.005618,0.003795,-0.007800,-0.006484,0.003774,-0.002765,-0.000129,1.000000,0.001755,0.012891,0.022038,-0.021205,-0.000497,-0.004643,0.029681,-0.001193,0.001755,1.000000,-0.017612,-0.005797,-0.013000,0.017258,-0.000983,-0.011840,0.005618,0.012891,-0.017612,1.000000,0.003409,-0.009000,-0.011073,0.010642,0.001752,0.003795,0.022038,-0.005797,0.003409,1.000000,0.006400,0.002162,0.007988,0.017808,-0.007800,-0.021205,-0.013000,-0.009000,0.006400,1.000000,-0.000600,0.002000,0.002461,-0.006484,-0.000497,0.017258,-0.011073,0.002162,-0.000600,1.000000,0.000816,0.001168,0.003774,-0.004643,-0.000983,0.010642,0.007988,0.002000,0.000816,1.000000,
1.000000,-0.016066,0.026160,0.014139,0.007141,-0.007147,0.003651,0.004175,0.010689,-0.003282,-0.016066,1.000000,-0.002321,0.004870,-0.006534,-0.003889,0.007344,0.008006,-0.012875,-0.022111,0.026160,-0.002321,1.000000,-0.024733,0.005079,0.008729,0.022510,0.011962,0.001370,0.006635,0.014139,0.004870,-0.024733,1.000000,0.010570,0.017735,0.011426,0.002289,0.003743,-0.001442,0.007141,-0.006534,0.005079,0.010570,1.000000,0.011929,0.004025,0.005286,0.011146,0.003560,-0.007147,-0.003889,0.008729,0.017735,0.011929,1.000000,-0.001107,0.012238,0.000837,0.006374,0.003651,0.007344,0.022510,0.011426,0.004025,-0.001107,1.000000,0.007528,0.000047,-0.003166,0.004175,0.008006,0.011962,0.002289,0.005286,0.012238,0.007528,1.000000,0.003362,0.010118,0.010689,-0.012875,0.001370,0.003743,0.011146,0.000837,0.000047,0.003362,1.000000,-0.012076,-0.003282,-0.022111,0.006635,-0.001442,0.003560,0.006374,-0.003166,0.010118,-0.012076,1.000000,
1.000000,-0.002790,-0.016210,-0.004670,0.003548,-0.002174,-0.004582,0.000727,0.002398,-0.009049,0.013221,-0.002790,1.000000,0.004604,-0.017775,0.006820,-0.006210,0.005793,0.008429,-0.009999,0.007819,0.009192,-0.016210,0.004604,1.000000,-0.016826,0.008982,-0.000791,-0.010394,-0.025828,-0.023401,0.017584,-0.005393,-0.004670,-0.017775,-0.016826,1.000000,-0.007935,0.012068,0.009646,-0.008389,-0.009406,-0.000126,0.001854,0.003548,0.006820,0.008982,-0.007935,1.000000,0.003450,-0.004566,0.014662,-0.005604,0.009707,-0.003960,-0.002174,-0.006210,-0.000791,0.012068,0.003450,1.000000,0.013983,-0.005731,-0.003398,-0.019954,0.001780,-0.004582,0.005793,-0.010394,0.009646,-0.004566,0.013983,1.000000,0.005048,0.001401,-0.011569,-0.002214,0.000727,0.008429,-0.025828,-0.008389,0.014662,-0.005731,0.005048,1.000000,-0.002006,-0.011133,0.011257,0.002398,-0.009999,-0.023401,-0.009406,-0.005604,-0.003398,0.001401,-0.002006,1.000000,0.005396,0.024802,-0.009049,0.007819,0.017584,-0.000126,0.009707,-0.019954,-0.011569,-0.011133,0.005396,1.000000,-0.031364,0.013221,0.009192,-0.005393,0.001854,-0.003960,0.001780,-0.002214,0.011257,0.024802,-0.031364,1.000000,
1.000000,0.000583,-0.014157,0.022346,-0.007013,0.004113,0.010067,0.005513,-0.002469,-0.004969,0.009202,0.008128,0.000583,1.000000,0.014948,-0.017133,0.015773,0.026312,0.018721,0.014064,-0.000362,0.006208,0.005247,-0.019713,-0.014157,0.014948,1.000000,0.015417,-0.007856,0.006026,-0.008220,0.012367,-0.005239,-0.021753,-0.001941,-0.001178,0.022346,-0.017133,0.015417,1.000000,0.003671,0.007367,-0.015176,0.007443,0.000650,-0.014865,-0.016678,-0.003428,-0.007013,0.015773,-0.007856,0.003671,1.000000,0.001511,0.016319,0.010060,0.013236,0.007414,-0.016352,0.001093,0.004113,0.026312,0.006026,0.007367,0.001511,1.000000,-0.000961,0.011267,0.011279,0.000901,-0.006119,0.001557,0.010067,0.018721,-0.008220,-0.015176,0.016319,-0.000961,1.000000,-0.021451,0.006942,-0.009527,0.002689,0.007833,0.005513,0.014064,0.012367,0.007443,0.010060,0.011267,-0.021451,1.000000,-0.005300,0.025130,0.019754,-0.009545,-0.002469,-0.000362,-0.005239,0.000650,0.013236,0.011279,0.006942,-0.005300,1.000000,0.017552,0.002978,-0.004336,-0.004969,0.006208,-0.021753,-0.014865,0.007414,0.000901,-0.009527,0.025130,0.017552,1.000000,0.001174,0.004118,0.009202,0.005247,-0.001941,-0.016678,-0.016352,-0.006119,0.002689,0.019754,0.002978,0.001174,1.000000,0.015504,0.008128,-0.019713,-0.001178,-0.003428,0.001093,0.001557,0.007833,-0.009545,-0.004336,0.004118,0.015504,1.000000,
1.000000,-0.000915,0.002429,-0.020232,0.007598,0.000000,-0.000354,0.016353,-0.011765,0.020366,0.001816,0.009771,0.003948,-0.000915,1.000000,0.020897,0.004518,-0.027797,-0.017803,0.007631,0.001578,0.006269,-0.008473,-0.018464,-0.003890,0.005593,0.002429,0.020897,1.000000,-0.019361,-0.001998,-0.006800,-0.015259,-0.005540,-0.005045,-0.000757,-0.007821,-0.017363,0.012866,-0.020232,0.004518,-0.019361,1.000000,0.010598,0.011400,-0.000137,0.003334,0.010049,-0.008648,0.004423,-0.000441,-0.004272,0.007598,-0.027797,-0.001998,0.010598,1.000000,-0.023600,0.006404,0.006796,-0.005397,-0.012003,-0.022199,-0.002203,-0.016005,0.000000,-0.017803,-0.006800,0.011400,-0.023600,1.000000,0.005600,0.001600,0.004200,-0.004400,0.014200,-0.002200,0.000000,-0.000354,0.007631,-0.015259,-0.000137,0.006404,0.005600,1.000000,0.000896,-0.011872,0.016470,0.006568,0.007460,-0.001897,0.016353,0.001578,-0.005540,0.003334,0.006796,0.001600,0.000896,1.000000,0.007875,-0.006873,0.005034,-0.010263,-0.022110,-0.011765,0.006269,-0.005045,0.010049,-0.005397,0.004200,-0.011872,0.007875,1.000000,0.004254,0.010375,-0.016355,-0.005721,0.020366,-0.008473,-0.000757,-0.008648,-0.012003,-0.004400,0.016470,-0.006873,0.004254,1.000000,-0.001776,-0.013845,-0.002478,0.001816,-0.018464,-0.007821,0.004423,-0.022199,0.014200,0.006568,0.005034,0.010375,-0.001776,1.000000,-0.019979,-0.012964,0.009771,-0.003890,-0.017363,-0.000441,-0.002203,-0.002200,0.007460,-0.010263,-0.016355,-0.013845,-0.019979,1.000000,-0.002267,0.003948,0.005593,0.012866,-0.004272,-0.016005,0.000000,-0.001897,-0.022110,-0.005721,-0.002478,-0.012964,-0.002267,1.000000,
1.000000,0.002613,0.008599,0.003610,-0.006984,-0.005803,-0.011999,-0.004204,-0.007388,-0.008414,-0.008183,0.008594,-0.001191,0.015010,0.002613,1.000000,-0.006385,-0.008336,-0.008624,-0.004758,-0.005014,0.010454,-0.005365,0.009973,-0.015047,-0.011922,-0.010715,-0.001322,0.008599,-0.006385,1.000000,0.003012,-0.010781,0.004796,-0.005399,-0.006005,-0.016786,0.006985,0.000422,0.005993,-0.017390,0.004411,0.003610,-0.008336,0.003012,1.000000,-0.015574,-0.006568,-0.008411,0.014242,0.006074,-0.016670,0.002413,-0.008539,0.000312,0.019708,-0.006984,-0.008624,-0.010781,-0.015574,1.000000,0.004454,0.013385,0.011669,0.011794,0.002019,0.004892,0.021304,0.001256,0.011047,-0.005803,-0.004758,0.004796,-0.006568,0.004454,1.000000,0.008203,-0.004013,-0.005961,-0.003042,0.019262,-0.004419,-0.001773,0.005230,-0.011999,-0.005014,-0.005399,-0.008411,0.013385,0.008203,1.000000,-0.002996,-0.009813,0.006414,0.002182,-0.020194,-0.010009,0.002191,-0.004204,0.010454,-0.006005,0.014242,0.011669,-0.004013,-0.002996,1.000000,0.004450,0.012949,-0.011128,-0.005624,-0.015766,0.004837,-0.007388,-0.005365,-0.016786,0.006074,0.011794,-0.005961,-0.009813,0.004450,1.000000,0.002762,-0.001429,-0.000726,0.012095,-0.006915,-0.008414,0.009973,0.006985,-0.016670,0.002019,-0.003042,0.006414,0.012949,0.002762,1.000000,0.003640,-0.004678,0.007313,0.014721,-0.008183,-0.015047,0.000422,0.002413,0.004892,0.019262,0.002182,-0.011128,-0.001429,0.003640,1.000000,0.013313,-0.003559,0.007032,0.008594,-0.011922,0.005993,-0.008539,0.021304,-0.004419,-0.020194,-0.005624,-0.000726,-0.004678,0.013313,1.000000,0.010252,-0.007545,-0.001191,-0.010715,-0.017390,0.000312,0.001256,-0.001773,-0.010009,-0.015766,0.012095,0.007313,-0.003559,0.010252,1.000000,0.010522,0.015010,-0.001322,0.004411,0.019708,0.011047,0.005230,0.002191,0.004837,-0.006915,0.014721,0.007032,-0.007545,0.010522,1.000000,
1.000000,0.021489,0.001827,0.004658,-0.004097,-0.000517,0.010712,0.011358,-0.011435,0.004772,-0.001353,-0.000405,0.011884,-0.021041,0.008973,0.021489,1.000000,0.005076,-0.001638,-0.011912,0.001234,0.010551,-0.000319,0.005704,-0.003680,0.009535,0.001186,-0.000366,-0.003912,-0.005877,0.001827,0.005076,1.000000,-0.000038,0.000332,0.000745,-0.004142,-0.016773,0.013223,-0.009782,0.003969,-0.008597,0.002746,-0.019174,0.006418,0.004658,-0.001638,-0.000038,1.000000,0.007455,0.005084,-0.000874,-0.001141,-0.002752,0.004240,-0.000467,0.018208,0.010684,-0.012345,-0.005162,-0.004097,-0.011912,0.000332,0.007455,1.000000,0.004590,-0.018377,0.012909,0.005288,-0.016531,0.002681,0.003013,0.004590,0.011702,0.001268,-0.000517,0.001234,0.000745,0.005084,0.004590,1.000000,0.009184,-0.020716,0.018472,0.002657,0.001104,0.004611,0.015434,0.001281,-0.001146,0.010712,0.010551,-0.004142,-0.000874,-0.018377,0.009184,1.000000,-0.001493,0.000124,0.010340,-0.002097,-0.001611,-0.006819,-0.008288,0.016943,0.011358,-0.000319,-0.016773,-0.001141,0.012909,-0.020716,-0.001493,1.000000,0.016765,-0.001029,0.002849,0.003395,-0.003915,-0.015642,0.013973,-0.011435,0.005704,0.013223,-0.002752,0.005288,0.018472,0.000124,0.016765,1.000000,-0.006624,-0.000760,-0.005004,-0.002330,-0.011634,0.018378,0.004772,-0.003680,-0.009782,0.004240,-0.016531,0.002657,0.010340,-0.001029,-0.006624,1.000000,0.012233,-0.007604,0.015859,-0.010228,-0.014219,-0.001353,0.009535,0.003969,-0.000467,0.002681,0.001104,-0.002097,0.002849,-0.000760,0.012233,1.000000,-0.000194,-0.014098,0.010046,-0.013969,-0.000405,0.001186,-0.008597,0.018208,0.003013,0.004611,-0.001611,0.003395,-0.005004,-0.007604,-0.000194,1.000000,0.008611,0.002195,-0.021404,0.011884,-0.000366,0.002746,0.010684,0.004590,0.015434,-0.006819,-0.003915,-0.002330,0.015859,-0.014098,0.008611,1.000000,0.004081,-0.018747,-0.021041,-0.003912,-0.019174,-0.012345,0.011702,0.001281,-0.008288,-0.015642,-0.011634,-0.010228,0.010046,0.002195,0.004081,1.000000,-0.014026,0.008973,-0.005877,0.006418,-0.005162,0.001268,-0.001146,0.016943,0.013973,0.018378,-0.014219,-0.013969,-0.021404,-0.018747,-0.014026,1.000000,
1.000000,-0.005222,0.005864,0.016813,-0.005972,0.008947,0.001449,0.010715,0.001047,-0.001739,-0.008576,-0.006334,-0.002467,-0.000101,-0.001033,-0.008596,-0.005222,1.000000,0.000791,-0.001413,0.005602,-0.007004,-0.005210,-0.010406,0.004603,-0.007796,0.010202,-0.003409,0.013409,-0.006007,-0.014602,-0.011214,0.005864,0.000791,1.000000,-0.012682,-0.003988,0.005777,0.005937,-0.008837,-0.016581,0.010626,-0.006190,0.006944,0.008257,0.012358,0.007387,0.015519,0.016813,-0.001413,-0.012682,1.000000,0.005017,-0.000832,-0.007890,0.008550,-0.000772,0.000436,-0.008786,-0.000879,-0.002722,-0.008660,-0.013220,-0.003915,-0.005972,0.005602,-0.003988,0.005017,1.000000,-0.004995,0.000413,0.018008,0.000596,-0.008205,-0.007802,0.018212,0.000588,-0.023191,0.010603,0.014018,0.008947,-0.007004,0.005777,-0.000832,-0.004995,1.000000,0.011375,0.009386,0.006808,0.001610,0.009204,0.007178,-0.002378,0.010983,-0.006405,-0.007033,0.001449,-0.005210,0.005937,-0.007890,0.000413,0.011375,1.000000,0.000760,0.003022,0.010629,-0.013789,-0.011063,-0.010539,0.007953,0.007385,-0.010492,0.010715,-0.010406,-0.008837,0.008550,0.018008,0.009386,0.000760,1.000000,-0.006988,-0.001384,-0.003793,0.007765,-0.005365,-0.000027,0.006191,0.003148,0.001047,0.004603,-0.016581,-0.000772,0.000596,0.006808,0.003022,-0.006988,1.000000,0.004791,0.007196,0.011220,0.007981,-0.013786,0.004805,0.009429,-0.001739,-0.007796,0.010626,0.000436,-0.008205,0.001610,0.010629,-0.001384,0.004791,1.000000,-0.002805,-0.004775,-0.000825,-0.010181,-0.023594,-0.022965,-0.008576,0.010202,-0.006190,-0.008786,-0.007802,0.009204,-0.013789,-0.003793,0.007196,-0.002805,1.000000,-0.017190,-0.005211,-0.013792,0.001203,0.005015,-0.006334,-0.003409,0.006944,-0.000879,0.018212,0.007178,-0.011063,0.007765,0.011220,-0.004775,-0.017190,1.000000,0.000055,0.006959,0.002387,0.010121,-0.002467,0.013409,0.008257,-0.002722,0.000588,-0.002378,-0.010539,-0.005365,0.007981,-0.000825,-0.005211,0.000055,1.000000,-0.003359,-0.019587,-0.001720,-0.000101,-0.006007,0.012358,-0.008660,-0.023191,0.010983,0.007953,-0.000027,-0.013786,-0.010181,-0.013792,0.006959,-0.003359,1.000000,-0.019010,-0.002861,-0.001033,-0.014602,0.007387,-0.013220,0.010603,-0.006405,0.007385,0.006191,0.004805,-0.023594,0.001203,0.002387,-0.019587,-0.019010,1.000000,-0.010620,-0.008596,-0.011214,0.015519,-0.003915,0.014018,-0.007033,-0.010492,0.003148,0.009429,-0.022965,0.005015,0.010121,-0.001720,-0.002861,-0.010620,1.000000,
1.000000,0.012041,-0.008610,0.005569,0.005659,-0.000969,0.018310,-0.000161,-0.012972,-0.000588,-0.010074,0.014124,0.006079,0.004907,0.003657,-0.000803,-0.013162,0.012041,1.000000,0.017409,0.008055,-0.012877,0.003773,-0.003519,-0.013863,0.007375,0.020590,-0.017537,0.010269,0.004731,0.004683,0.007150,-0.007598,0.006767,-0.008610,0.017409,1.000000,-0.035176,-0.008431,-0.013594,-0.000619,0.009770,-0.010794,0.000003,0.000185,-0.001216,-0.010985,-0.018421,-0.002988,-0.007801,-0.000992,0.005569,0.008055,-0.035176,1.000000,-0.016692,0.013491,-0.012670,0.010787,-0.011307,-0.004446,0.004867,-0.010523,-0.010489,-0.005663,-0.011611,0.013414,-0.001138,0.005659,-0.012877,-0.008431,-0.016692,1.000000,0.010099,0.011518,-0.015904,-0.004713,-0.011165,0.005175,-0.002240,0.003645,0.001711,-0.006425,-0.005410,-0.008484,-0.000969,0.003773,-0.013594,0.013491,0.010099,1.000000,-0.014539,-0.008894,-0.001219,-0.005608,-0.018152,0.002053,-0.002654,-0.006737,0.018962,-0.001798,-0.019426,0.018310,-0.003519,-0.000619,-0.012670,0.011518,-0.014539,1.000000,-0.004723,-0.000943,-0.001776,0.000253,0.009646,0.001358,0.006013,-0.007087,-0.001606,0.007277,-0.000161,-0.013863,0.009770,0.010787,-0.015904,-0.008894,-0.004723,1.000000,0.009102,-0.000958,-0.005057,0.001932,-0.005728,0.001075,0.014603,-0.004011,-0.005069,-0.012972,0.007375,-0.010794,-0.011307,-0.004713,-0.001219,-0.000943,0.009102,1.000000,-0.012408,0.011046,-0.003152,-0.014250,-0.004743,0.000965,-0.007398,-0.003024,-0.000588,0.020590,0.000003,-0.004446,-0.011165,-0.005608,-0.001776,-0.000958,-0.012408,1.000000,0.016220,-0.013180,0.002179,0.006025,-0.003415,-0.012599,0.015390,-0.010074,-0.017537,0.000185,0.004867,0.005175,-0.018152,0.000253,-0.005057,0.011046,0.016220,1.000000,0.004877,0.027329,-0.006750,0.029693,-0.003205,-0.017541,0.014124,0.010269,-0.001216,-0.010523,-0.002240,0.002053,0.009646,0.001932,-0.003152,-0.013180,0.004877,1.000000,0.009934,-0.011359,-0.012105,0.013796,-0.005737,0.006079,0.004731,-0.010985,-0.010489,0.003645,-0.002654,0.001358,-0.005728,-0.014250,0.002179,0.027329,0.009934,1.000000,0.001160,0.009904,-0.005196,0.003535,0.004907,0.004683,-0.018421,-0.005663,0.001711,-0.006737,0.006013,0.001075,-0.004743,0.006025,-0.006750,-0.011359,0.001160,1.000000,0.003116,-0.010206,0.005878,0.003657,0.007150,-0.002988,-0.011611,-0.006425,0.018962,-0.007087,0.014603,0.000965,-0.003415,0.029693,-0.012105,0.009904,0.003116,1.000000,-0.012397,0.002353,-0.000803,-0.007598,-0.007801,0.013414,-0.005410,-0.001798,-0.001606,-0.004011,-0.007398,-0.012599,-0.003205,0.013796,-0.005196,-0.010206,-0.012397,1.000000,-0.008798,-0.013162,0.006767,-0.000992,-0.001138,-0.008484,-0.019426,0.007277,-0.005069,-0.003024,0.015390,-0.017541,-0.005737,0.003535,0.005878,0.002353,-0.008798,1.000000,
1.000000,0.000384,-0.003569,-0.013862,0.013031,0.013196,-0.004857,0.008816,0.011684,-0.007337,-0.000856,-0.015007,-0.018848,-0.003393,-0.000207,0.004791,0.012500,-0.015968,0.000384,1.000000,0.000028,0.005746,0.017828,-0.002004,-0.004051,0.006815,0.016077,-0.003343,0.021551,0.006194,0.007959,-0.007794,-0.010606,-0.004008,0.000888,-0.004371,-0.003569,0.000028,1.000000,-0.001294,0.015748,0.006808,-0.013902,0.009172,0.018660,-0.005913,0.000499,-0.005788,-0.005919,0.004188,0.008612,-0.017584,-0.012174,0.005943,-0.013862,0.005746,-0.001294,1.000000,-0.001497,-0.020217,0.001207,0.008656,-0.003522,-0.002582,0.020011,-0.009624,0.012044,-0.019579,0.007578,0.001368,-0.008672,0.008713,0.013031,0.017828,0.015748,-0.001497,1.000000,-0.006593,-0.020906,-0.004628,-0.009942,0.017893,-0.014905,0.017612,0.001879,-0.002412,0.023612,0.001416,0.006436,0.014145,0.013196,-0.002004,0.006808,-0.020217,-0.006593,1.000000,0.015988,-0.001196,0.010821,-0.000585,-0.000013,-0.012602,-0.006811,-0.006598,-0.003402,0.005598,-0.000377,-0.007192,-0.004857,-0.004051,-0.013902,0.001207,-0.020906,0.015988,1.000000,0.007252,0.005061,-0.002797,-0.007781,-0.006622,-0.010549,0.012223,-0.014223,0.011172,-0.021699,-0.014697,0.008816,0.006815,0.009172,0.008656,-0.004628,-0.001196,0.007252,1.000000,-0.008475,0.011744,0.016453,-0.007794,-0.000758,-0.002606,-0.008194,-0.002392,0.005114,0.007971,0.011684,0.016077,0.018660,-0.003522,-0.009942,0.010821,0.005061,-0.008475,1.000000,-0.000495,0.002661,0.009033,-0.002587,-0.016634,-0.010571,0.005644,0.000354,-0.005753,-0.007337,-0.003343,-0.005913,-0.002582,0.017893,-0.000585,-0.002797,0.011744,-0.000495,1.000000,0.009606,0.002825,-0.003633,-0.003225,0.008425,0.011435,0.000651,-0.001119,-0.000856,0.021551,0.000499,0.020011,-0.014905,-0.000013,-0.007781,0.016453,0.002661,0.009606,1.000000,-0.003422,-0.001348,-0.010980,0.003779,0.003971,-0.009695,0.000905,-0.015007,0.006194,-0.005788,-0.009624,0.017612,-0.012602,-0.006622,-0.007794,0.009033,0.002825,-0.003422,1.000000,-0.000618,-0.001597,-0.006803,-0.010204,-0.016968,-0.004988,-0.018848,0.007959,-0.005919,0.012044,0.001879,-0.006811,-0.010549,-0.000758,-0.002587,-0.003633,-0.001348,-0.000618,1.000000,-0.001783,-0.015419,-0.008025,-0.006149,-0.009515,-0.003393,-0.007794,0.004188,-0.019579,-0.002412,-0.006598,0.012223,-0.002606,-0.016634,-0.003225,-0.010980,-0.001597,-0.001783,1.000000,-0.000397,-0.000996,-0.004638,-0.013413,-0.000207,-0.010606,0.008612,0.007578,0.023612,-0.003402,-0.014223,-0.008194,-0.010571,0.008425,0.003779,-0.006803,-0.015419,-0.000397,1.000000,-0.015004,0.013840,0.013413,0.004791,-0.004008,-0.017584,0.001368,0.001416,0.005598,0.011172,-0.002392,0.005644,0.011435,0.003971,-0.010204,-0.008025,-0.000996,-0.015004,1.000000,-0.011953,-0.016383,0.012500,0.000888,-0.012174,-0.008672,0.006436,-0.000377,-0.021699,0.005114,0.000354,0.000651,-0.009695,-0.016968,-0.006149,-0.004638,0.013840,-0.011953,1.000000,-0.010583,-0.015968,-0.004371,0.005943,0.008713,0.014145,-0.007192,-0.014697,0.007971,-0.005753,-0.001119,0.000905,-0.004988,-0.009515,-0.013413,0.013413,-0.016383,-0.010583,1.000000,
1.000000,-0.011323,-0.002643,-0.005420,0.002308,-0.010157,-0.000877,0.014811,0.008293,0.003641,0.007559,-0.002235,0.007914,0.007677,-0.001932,-0.020696,0.002745,-0.007334,0.011995,-0.011323,1.000000,-0.007565,-0.001184,0.007076,-0.012836,0.010663,-0.002208,-0.008913,0.002967,0.003434,0.009629,-0.002164,-0.012263,-0.004256,0.002877,-0.011320,0.003546,-0.001795,-0.002643,-0.007565,1.000000,0.021591,0.004959,-0.011981,-0.018235,-0.002196,-0.006649,0.005019,-0.020219,-0.009216,0.001070,-0.019366,0.006631,0.015559,0.002865,-0.003570,-0.021403,-0.005420,-0.001184,0.021591,1.000000,0.015382,0.002009,0.011385,0.008202,0.001378,0.007408,-0.011409,0.006793,-0.008863,0.001816,-0.002186,-0.004019,0.007630,-0.008787,0.005399,0.002308,0.007076,0.004959,0.015382,1.000000,-0.000959,0.001927,-0.003591,-0.004104,-0.003561,-0.008840,-0.007834,-0.017287,0.002874,-0.003934,0.014111,-0.007662,0.004264,-0.007206,-0.010157,-0.012836,-0.011981,0.002009,-0.000959,1.000000,0.001434,0.014196,-0.013753,0.002582,0.009019,-0.001184,-0.005472,0.001366,0.010570,-0.003958,-0.006466,-0.014030,0.007803,-0.000877,0.010663,-0.018235,0.011385,0.001927,0.001434,1.000000,-0.010793,0.018716,-0.012368,-0.002833,-0.026629,0.008373,-0.005139,-0.007546,-0.013476,-0.010086,-0.002547,-0.005205,0.014811,-0.002208,-0.002196,0.008202,-0.003591,0.014196,-0.010793,1.000000,0.006011,-0.004004,-0.000396,0.005804,-0.007374,0.003192,0.012793,0.002210,0.006586,0.000993,-0.006399,0.008293,-0.008913,-0.006649,0.001378,-0.004104,-0.013753,0.018716,0.006011,1.000000,-0.007954,0.007554,0.010161,0.004277,0.000886,0.006478,-0.004706,-0.005238,0.001875,-0.007607,0.003641,0.002967,0.005019,0.007408,-0.003561,0.002582,-0.012368,-0.004004,-0.007954,1.000000,0.007218,-0.006185,0.011930,-0.007233,0.004771,0.000240,-0.008663,0.006172,0.004403,0.007559,0.003434,-0.020219,-0.011409,-0.008840,0.009019,-0.002833,-0.000396,0.007554,0.007218,1.000000,-0.002215,-0.012730,0.002033,-0.007171,-0.012641,-0.001738,0.005429,-0.010803,-0.002235,0.009629,-0.009216,0.006793,-0.007834,-0.001184,-0.026629,0.005804,0.010161,-0.006185,-0.002215,1.000000,-0.000507,-0.007372,-0.000175,0.021967,-0.009148,0.011625,0.002998,0.007914,-0.002164,0.001070,-0.008863,-0.017287,-0.005472,0.008373,-0.007374,0.004277,0.011930,-0.012730,-0.000507,1.000000,0.002032,0.000007,-0.014291,0.018048,0.011807,0.001783,0.007677,-0.012263,-0.019366,0.001816,0.002874,0.001366,-0.005139,0.003192,0.000886,-0.007233,0.002033,-0.007372,0.002032,1.000000,-0.008055,-0.009326,0.001285,-0.003853,-0.008396,-0.001932,-0.004256,0.006631,-0.002186,-0.003934,0.010570,-0.007546,0.012793,0.006478,0.004771,-0.007171,-0.000175,0.000007,-0.008055,1.000000,0.008668,0.001697,-0.008648,0.013605,-0.020696,0.002877,0.015559,-0.004019,0.014111,-0.003958,-0.013476,0.002210,-0.004706,0.000240,-0.012641,0.021967,-0.014291,-0.009326,0.008668,1.000000,0.015745,0.007666,-0.014206,0.002745,-0.011320,0.002865,0.007630,-0.007662,-0.006466,-0.010086,0.006586,-0.005238,-0.008663,-0.001738,-0.009148,0.018048,0.001285,0.001697,0.015745,1.000000,0.011901,-0.004192,-0.007334,0.003546,-0.003570,-0.008787,0.004264,-0.014030,-0.002547,0.000993,0.001875,0.006172,0.005429,0.011625,0.011807,-0.003853,-0.008648,0.007666,0.011901,1.000000,0.007004,0.011995,-0.001795,-0.021403,0.005399,-0.007206,0.007803,-0.005205,-0.006399,-0.007607,0.004403,-0.010803,0.002998,0.001783,-0.008396,0.013605,-0.014206,-0.004192,0.007004,1.000000,
1.000000,-0.019596,0.006807,0.000200,-0.004200,-0.000996,0.009404,-0.002000,-0.016999,0.017204,0.013798,-0.009998,-0.000003,-0.001202,-0.008797,-0.014000,-0.005601,0.016400,-0.001398,-0.009795,-0.019596,1.000000,-0.000407,0.007817,-0.011408,0.013962,-0.010447,-0.002020,0.002516,-0.001029,-0.019682,0.006253,-0.001412,0.005731,0.009005,0.017195,0.013664,-0.004821,0.009659,0.019456,0.006807,-0.000407,1.000000,-0.002991,-0.003404,-0.002361,-0.003561,-0.002813,-0.002656,0.013852,0.000282,0.008703,-0.006676,0.009287,0.008670,0.018796,0.002840,-0.010014,-0.002696,0.021572,0.000200,0.007817,-0.002991,1.000000,0.011600,-0.005194,-0.000394,-0.019400,-0.021598,-0.004195,0.007597,-0.006997,-0.010205,-0.010603,0.013005,0.015800,-0.007801,0.005000,-0.006397,0.024811,-0.004200,-0.011408,-0.003404,0.011600,1.000000,-0.000002,0.008398,0.003000,-0.002401,-0.013002,-0.016399,-0.003001,-0.004199,-0.012199,0.001398,0.013000,-0.017800,-0.004200,0.003199,0.001997,-0.000996,0.013962,-0.002361,-0.005194,-0.000002,1.000000,0.003504,0.001792,0.021568,0.007711,0.006449,0.004942,0.007475,-0.014950,-0.008679,-0.000604,-0.008577,-0.002608,0.007144,-0.009341,0.009404,-0.010447,-0.003561,-0.000394,0.008398,0.003504,1.000000,0.027794,0.004767,-0.001490,-0.005551,-0.001859,-0.001726,0.001051,-0.000278,0.010597,0.007824,-0.000608,0.009144,0.009862,-0.002000,-0.002020,-0.002813,-0.019400,0.003000,0.001792,0.027794,1.000000,0.010597,-0.018008,0.010604,0.009195,0.000006,-0.007996,0.014394,-0.004000,0.004802,-0.006401,-0.005005,0.004189,-0.016999,0.002516,-0.002656,-0.021598,-0.002401,0.021568,0.004767,0.010597,1.000000,-0.018232,0.002817,0.010580,-0.008174,-0.003782,0.006173,0.034599,0.008608,-0.005803,0.001980,-0.001248,0.017204,-0.001029,0.013852,-0.004195,-0.013002,0.007711,-0.001490,-0.018008,-0.018232,1.000000,0.006646,0.005145,-0.001530,0.005248,0.007927,-0.005604,-0.007978,-0.021208,0.012147,0.013671,0.013798,-0.019682,0.000282,0.007597,-0.016399,0.006449,-0.005551,0.010604,0.002817,0.006646,1.000000,-0.004570,0.006162,0.018574,-0.010960,-0.004998,0.003388,0.006204,0.014029,0.009272,-0.009998,0.006253,0.008703,-0.006997,-0.003001,0.004942,-0.001859,0.009195,0.010580,0.005145,-0.004570,1.000000,-0.002755,0.002831,-0.003248,-0.003202,-0.010386,-0.003205,0.004165,0.012516,-0.000003,-0.001412,-0.006676,-0.010205,-0.004199,0.007475,-0.001726,0.000006,-0.008174,-0.001530,0.006162,-0.002755,1.000000,0.001161,-0.006340,0.001203,0.016382,-0.013994,0.009845,0.007509,-0.001202,0.005731,0.009287,-0.010603,-0.012199,-0.014950,0.001051,-0.007996,-0.003782,0.005248,0.018574,0.002831,0.001161,1.000000,0.016842,-0.005998,0.010788,0.006004,-0.002170,0.005474,-0.008797,0.009005,0.008670,0.013005,0.001398,-0.008679,-0.000278,0.014394,0.006173,0.007927,-0.010960,-0.003248,-0.006340,0.016842,1.000000,0.001997,-0.001181,0.007594,0.008554,-0.009915,-0.014000,0.017195,0.018796,0.015800,0.013000,-0.000604,0.010597,-0.004000,0.034599,-0.005604,-0.004998,-0.003202,0.001203,-0.005998,0.001997,1.000000,-0.007199,-0.008000,-0.004202,0.011796,-0.005601,0.013664,0.002840,-0.007801,-0.017800,-0.008577,0.007824,0.004802,0.008608,-0.007978,0.003388,-0.010386,0.016382,0.010788,-0.001181,-0.007199,1.000000,0.006802,-0.011386,-0.001366,0.016400,-0.004821,-0.010014,0.005000,-0.004200,-0.002608,-0.000608,-0.006401,-0.005803,-0.021208,0.006204,-0.003205,-0.013994,0.006004,0.007594,-0.008000,0.006802,1.000000,0.002195,0.008990,-0.001398,0.009659,-0.002696,-0.006397,0.003199,0.007144,0.009144,-0.005005,0.001980,0.012147,0.014029,0.004165,0.009845,-0.002170,0.008554,-0.004202,-0.011386,0.002195,1.000000,0.007919,-0.009795,0.019456,0.021572,0.024811,0.001997,-0.009341,0.009862,0.004189,-0.001248,0.013671,0.009272,0.012516,0.007509,0.005474,-0.009915,0.011796,-0.001366,0.008990,0.007919,1.000000,
1.000000,0.005183,-0.000601,-0.009835,0.010397,0.000194,-0.007765,0.009418,-0.008037,-0.007384,0.018379,-0.012023,0.012578,0.019385,-0.007963,-0.009813,0.003011,-0.004464,-0.000362,-0.006792,-0.000207,0.005183,1.000000,-0.001801,-0.007474,-0.004807,-0.003013,0.012677,-0.002563,-0.005677,0.013435,0.004755,-0.022849,0.012151,0.004168,0.001682,0.005773,0.007023,-0.007736,-0.011920,-0.007983,-0.007016,-0.000601,-0.001801,1.000000,-0.007603,-0.026200,-0.001200,0.002003,-0.014399,0.012598,0.002801,0.002599,0.014999,-0.002002,0.001999,-0.022199,-0.015601,0.014001,-0.007406,0.000203,0.006201,-0.001601,-0.009835,-0.007474,-0.007603,1.000000,0.004186,-0.027229,0.006155,-0.006325,-0.004757,-0.001129,0.003308,0.006503,0.004700,-0.006066,0.000766,0.000744,0.002847,0.002728,-0.020437,-0.012167,0.005169,0.010397,-0.004807,-0.026200,0.004186,1.000000,0.006597,0.003415,0.001007,-0.001215,-0.000593,-0.007609,-0.006810,0.016191,-0.018607,-0.003984,-0.002206,-0.007395,-0.010430,-0.000784,0.017203,-0.002203,0.000194,-0.003013,-0.001200,-0.027229,0.006597,1.000000,-0.012373,0.008014,0.008573,0.004413,0.012584,0.000982,-0.014819,0.006388,0.010231,0.010390,-0.012792,0.010553,-0.004170,0.019406,-0.010406,-0.007765,0.012677,0.002003,0.006155,0.003415,-0.012373,1.000000,-0.027281,-0.002439,0.003927,-0.004105,-0.008100,0.003704,0.006469,-0.018775,0.009659,-0.004848,0.010886,-0.005972,-0.003836,-0.004768,0.009418,-0.002563,-0.014399,-0.006325,0.001007,0.008014,-0.027281,1.000000,0.001880,-0.013236,0.006647,-0.010151,0.008051,0.002434,0.008517,0.007629,-0.000024,0.006341,-0.009885,0.004183,-0.000384,-0.008037,-0.005677,0.012598,-0.004757,-0.001215,0.008573,-0.002439,0.001880,1.000000,-0.012927,-0.011699,0.019100,0.016097,-0.001069,-0.009828,0.005342,0.004649,-0.000687,-0.011028,0.003636,0.004167,-0.007384,0.013435,0.002801,-0.001129,-0.000593,0.004413,0.003927,-0.013236,-0.012927,1.000000,-0.008956,-0.015354,0.007648,-0.003169,-0.003479,0.007627,0.005578,-0.010873,0.013723,0.001384,0.010815,0.018379,0.004755,0.002599,0.003308,-0.007609,0.012584,-0.004105,0.006647,-0.011699,-0.008956,1.000000,0.002339,-0.000262,-0.003841,0.012105,-0.011035,-0.010972,0.000630,0.007304,-0.005979,0.021381,-0.012023,-0.022849,0.014999,0.006503,-0.006810,0.000982,-0.008100,-0.010151,0.019100,-0.015354,0.002339,1.000000,-0.001066,0.006557,0.012910,-0.001437,-0.002970,-0.000979,-0.014693,0.011623,-0.005821,0.012578,0.012151,-0.002002,0.004700,0.016191,-0.014819,0.003704,0.008051,0.016097,0.007648,-0.000262,-0.001066,1.000000,0.002756,-0.003289,0.002762,0.004031,0.000817,0.000312,0.003823,0.004379,0.019385,0.004168,0.001999,-0.006066,-0.018607,0.006388,0.006469,0.002434,-0.001069,-0.003169,-0.003841,0.006557,0.002756,1.000000,-0.012528,-0.000425,-0.005980,0.008481,0.009474,0.007015,0.014786,-0.007963,0.001682,-0.022199,0.000766,-0.003984,0.010231,-0.018775,0.008517,-0.009828,-0.003479,0.012105,0.012910,-0.003289,-0.012528,1.000000,0.009864,0.006149,-0.006097,0.019819,-0.007239,0.009836,-0.009813,0.005773,-0.015601,0.000744,-0.002206,0.010390,0.009659,0.007629,0.005342,0.007627,-0.011035,-0.001437,0.002762,-0.000425,0.009864,1.000000,-0.007183,-0.003504,-0.002138,0.009413,-0.005212,0.003011,0.007023,0.014001,0.002847,-0.007395,-0.012792,-0.004848,-0.000024,0.004649,0.005578,-0.010972,-0.002970,0.004031,-0.005980,0.006149,-0.007183,1.000000,0.016689,0.005749,-0.023811,0.012810,-0.004464,-0.007736,-0.007406,0.002728,-0.010430,0.010553,0.010886,0.006341,-0.000687,-0.010873,0.000630,-0.000979,0.000817,0.008481,-0.006097,-0.003504,0.016689,1.000000,-0.000896,-0.001938,-0.006660,-0.000362,-0.011920,0.000203,-0.020437,-0.000784,-0.004170,-0.005972,-0.009885,-0.011028,0.013723,0.007304,-0.014693,0.000312,0.009474,0.019819,-0.002138,0.005749,-0.000896,1.000000,-0.007639,-0.005365,-0.006792,-0.007983,0.006201,-0.012167,0.017203,0.019406,-0.003836,0.004183,0.003636,0.001384,-0.005979,0.011623,0.003823,0.007015,-0.007239,0.009413,-0.023811,-0.001938,-0.007639,1.000000,0.003007,-0.000207,-0.007016,-0.001601,0.005169,-0.002203,-0.010406,-0.004768,-0.000384,0.004167,0.010815,0.021381,-0.005821,0.004379,0.014786,0.009836,-0.005212,0.012810,-0.006660,-0.005365,0.003007,1.000000,
1.000000,-0.001285,0.002965,-0.009601,-0.011464,0.001272,-0.004545,0.002578,0.002833,-0.005227,-0.006403,-0.000164,-0.002879,0.004715,0.010344,0.000879,0.003181,-0.005450,0.010435,0.006939,0.002532,0.001108,-0.001285,1.000000,-0.011276,0.000800,-0.005157,0.010960,0.007418,-0.001944,-0.001853,-0.018409,-0.000673,0.010212,-0.013225,-0.003227,0.000518,-0.008775,0.012132,0.009385,0.010275,-0.005820,-0.005959,-0.009629,0.002965,-0.011276,1.000000,0.001200,0.002521,-0.005913,0.003049,0.001356,-0.005148,0.003977,0.012756,0.000232,-0.013671,-0.006876,-0.009630,-0.011932,-0.020397,0.004957,-0.009998,0.000545,0.008116,-0.007682,-0.009601,0.000800,0.001200,1.000000,0.016001,-0.001000,0.013400,0.026402,-0.007400,0.002400,0.019206,0.000200,-0.017600,-0.008800,0.009401,-0.002400,-0.000600,-0.007000,-0.004600,-0.009800,-0.001200,0.018800,-0.011464,-0.005157,0.002521,0.016001,1.000000,-0.009335,-0.007829,-0.004491,-0.000514,0.007614,0.000195,-0.001019,0.000440,0.006444,-0.001267,-0.005641,-0.001288,-0.000175,0.010882,-0.015369,0.000333,-0.000753,0.001272,0.010960,-0.005913,-0.001000,-0.009335,1.000000,0.017227,-0.003716,0.007521,0.018588,0.005992,0.015218,0.003763,0.004960,-0.008525,0.011838,0.010697,0.019577,0.015713,0.001170,0.007863,-0.001844,-0.004545,0.007418,0.003049,0.013400,-0.007829,0.017227,1.000000,-0.013438,-0.008766,0.013006,0.003718,0.002393,-0.006584,-0.000182,-0.015148,0.000184,-0.014756,-0.004390,0.005952,0.005613,-0.001027,0.005019,0.002578,-0.001944,0.001356,0.026402,-0.004491,-0.003716,-0.013438,1.000000,0.011111,-0.002783,0.028547,-0.016625,0.016853,0.010857,0.009572,-0.002452,-0.006856,-0.013368,-0.013556,0.000241,0.033117,0.000861,0.002833,-0.001853,-0.005148,-0.007400,-0.000514,0.007521,-0.008766,0.011111,1.000000,0.010184,-0.000351,-0.007178,0.015352,-0.010254,0.001039,-0.008552,0.003064,0.006370,0.002145,-0.000839,0.003882,-0.001057,-0.005227,-0.018409,0.003977,0.002400,0.007614,0.018588,0.013006,-0.002783,0.010184,1.000000,0.000839,-0.002196,-0.000008,-0.012809,-0.015027,0.006808,0.013380,-0.006605,-0.001777,0.015794,0.000013,-0.010009,-0.006403,-0.000673,0.012756,0.019206,0.000195,0.005992,0.003718,0.028547,-0.000351,0.000839,1.000000,0.009349,0.000117,-0.009076,-0.013020,0.009886,-0.001474,-0.006929,-0.011751,0.003094,0.007807,0.019743,-0.000164,0.010212,0.000232,0.000200,-0.001019,0.015218,0.002393,-0.016625,-0.007178,-0.002196,0.009349,1.000000,-0.012190,-0.006589,0.011236,0.007390,-0.007971,-0.003993,-0.008832,-0.009592,-0.005418,-0.016988,-0.002879,-0.013225,-0.013671,-0.017600,0.000440,0.003763,-0.006584,0.016853,0.015352,-0.000008,0.000117,-0.012190,1.000000,0.008375,0.003325,0.020424,0.015337,0.000586,-0.004532,-0.005818,0.000838,0.005573,0.004715,-0.003227,-0.006876,-0.008800,0.006444,0.004960,-0.000182,0.010857,-0.010254,-0.012809,-0.009076,-0.006589,0.008375,1.000000,0.013720,-0.016775,-0.000270,-0.016216,0.000274,0.008980,-0.002359,0.016371,0.010344,0.000518,-0.009630,0.009401,-0.001267,-0.008525,-0.015148,0.009572,0.001039,-0.015027,-0.013020,0.011236,0.003325,0.013720,1.000000,0.008277,0.004589,0.002353,-0.004577,-0.008461,0.007128,-0.017091,0.000879,-0.008775,-0.011932,-0.002400,-0.005641,0.011838,0.000184,-0.002452,-0.008552,0.006808,0.009886,0.007390,0.020424,-0.016775,0.008277,1.000000,0.003865,-0.018986,0.008133,0.001818,0.015962,-0.017974,0.003181,0.012132,-0.020397,-0.000600,-0.001288,0.010697,-0.014756,-0.006856,0.003064,0.013380,-0.001474,-0.007971,0.015337,-0.000270,0.004589,0.003865,1.000000,-0.004841,-0.001410,0.012350,0.005508,-0.004275,-0.005450,0.009385,0.004957,-0.007000,-0.000175,0.019577,-0.004390,-0.013368,0.006370,-0.006605,-0.006929,-0.003993,0.000586,-0.016216,0.002353,-0.018986,-0.004841,1.000000,0.006843,0.001989,0.009424,0.007783,0.010435,0.010275,-0.009998,-0.004600,0.010882,0.015713,0.005952,-0.013556,0.002145,-0.001777,-0.011751,-0.008832,-0.004532,0.000274,-0.004577,0.008133,-0.001410,0.006843,1.000000,-0.005147,0.000486,0.009081,0.006939,-0.005820,0.000545,-0.009800,-0.015369,0.001170,0.005613,0.000241,-0.000839,0.015794,0.003094,-0.009592,-0.005818,0.008980,-0.008461,0.001818,0.012350,0.001989,-0.005147,1.000000,0.000230,0.015779,0.002532,-0.005959,0.008116,-0.001200,0.000333,0.007863,-0.001027,0.033117,0.003882,0.000013,0.007807,-0.005418,0.000838,-0.002359,0.007128,0.015962,0.005508,0.009424,0.000486,0.000230,1.000000,0.025646,0.001108,-0.009629,-0.007682,0.018800,-0.000753,-0.001844,0.005019,0.000861,-0.001057,-0.010009,0.019743,-0.016988,0.005573,0.016371,-0.017091,-0.017974,-0.004275,0.007783,0.009081,0.015779,0.025646,1.000000,
1.000000,0.019584,0.000526,0.017768,-0.009297,0.003160,0.000834,0.005039,0.012464,0.006728,0.006693,0.009231,0.004686,-0.006440,-0.007430,-0.013223,-0.006025,-0.005104,0.015380,0.010440,0.005608,0.004218,0.011223,0.019584,1.000000,-0.004363,-0.003010,0.001172,-0.007212,0.008274,-0.000189,0.010019,-0.009222,0.018770,0.010009,-0.021376,-0.025212,0.001391,0.011193,0.019193,-0.007172,-0.010606,-0.004788,0.004402,-0.016595,0.009607,0.000526,-0.004363,1.000000,0.033480,0.009023,0.014894,0.010470,-0.001889,-0.022150,0.004567,-0.008554,-0.000872,-0.002798,-0.003509,0.003068,0.032456,-0.000742,-0.010223,-0.016155,0.007109,0.003183,-0.017043,0.011551,0.017768,-0.003010,0.033480,1.000000,-0.012658,0.003376,0.004942,0.002823,0.002638,0.004557,0.011737,-0.010182,-0.011550,-0.008624,-0.014418,0.021787,0.009785,-0.002143,-0.003612,0.002224,0.008604,0.002411,-0.004587,-0.009297,0.001172,0.009023,-0.012658,1.000000,-0.008071,-0.003391,0.001468,0.004912,0.001473,-0.002190,0.001655,-0.006850,-0.006471,0.000948,0.004361,-0.014846,-0.004632,0.002164,-0.007531,0.009614,-0.008170,-0.001961,0.003160,-0.007212,0.014894,0.003376,-0.008071,1.000000,-0.017238,0.015829,-0.007154,0.015548,-0.007280,0.000023,-0.004138,-0.009229,-0.002222,0.006784,0.008782,-0.019932,0.009785,-0.009971,-0.015195,-0.010587,0.013616,0.000834,0.008274,0.010470,0.004942,-0.003391,-0.017238,1.000000,-0.024577,-0.006475,0.007314,-0.000539,0.010873,-0.015575,-0.012836,-0.006677,-0.006108,0.009912,-0.000211,-0.009516,-0.001972,-0.007435,-0.004878,0.005308,0.005039,-0.000189,-0.001889,0.002823,0.001468,0.015829,-0.024577,1.000000,-0.000245,0.013852,-0.001324,0.015779,-0.007661,-0.016972,-0.003979,0.011816,-0.008582,-0.004268,0.010015,-0.013828,0.004995,-0.015213,0.013385,0.012464,0.010019,-0.022150,0.002638,0.004912,-0.007154,-0.006475,-0.000245,1.000000,0.002484,-0.009076,-0.000036,0.011701,-0.005554,0.007435,-0.015575,-0.000371,-0.002112,-0.007776,0.009554,-0.005609,-0.009421,0.006774,0.006728,-0.009222,0.004567,0.004557,0.001473,0.015548,0.007314,0.013852,0.002484,1.000000,-0.007744,0.006842,-0.002087,0.006748,-0.018240,-0.025631,0.004367,0.008929,-0.009828,-0.008348,-0.012391,0.017424,-0.013971,0.006693,0.018770,-0.008554,0.011737,-0.002190,-0.007280,-0.000539,-0.001324,-0.009076,-0.007744,1.000000,-0.009940,0.003970,0.002721,0.010543,-0.000844,-0.008051,0.016993,-0.005441,-0.007122,0.006015,0.011836,0.014045,0.009231,0.010009,-0.000872,-0.010182,0.001655,0.000023,0.010873,0.015779,-0.000036,0.006842,-0.009940,1.000000,-0.008649,0.008423,0.003817,0.001213,0.000814,-0.000855,0.020212,0.009178,0.015596,-0.001010,0.019988,0.004686,-0.021376,-0.002798,-0.011550,-0.006850,-0.004138,-0.015575,-0.007661,0.011701,-0.002087,0.003970,-0.008649,1.000000,-0.004938,-0.010354,-0.004165,-0.012561,0.002850,0.004833,0.002138,0.003389,0.001172,0.008566,-0.006440,-0.025212,-0.003509,-0.008624,-0.006471,-0.009229,-0.012836,-0.016972,-0.005554,0.006748,0.002721,0.008423,-0.004938,1.000000,-0.014222,-0.004416,-0.017619,0.007671,-0.005015,0.003229,0.017606,-0.008987,-0.001984,-0.007430,0.001391,0.003068,-0.014418,0.000948,-0.002222,-0.006677,-0.003979,0.007435,-0.018240,0.010543,0.003817,-0.010354,-0.014222,1.000000,0.011788,-0.009414,0.015853,-0.007611,-0.009379,-0.015796,-0.005990,0.004612,-0.013223,0.011193,0.032456,0.021787,0.004361,0.006784,-0.006108,0.011816,-0.015575,-0.025631,-0.000844,0.001213,-0.004165,-0.004416,0.011788,1.000000,-0.009610,-0.005161,0.008192,0.008416,0.002403,-0.011393,0.014009,-0.006025,0.019193,-0.000742,0.009785,-0.014846,0.008782,0.009912,-0.008582,-0.000371,0.004367,-0.008051,0.000814,-0.012561,-0.017619,-0.009414,-0.009610,1.000000,0.003244,0.007391,0.006018,-0.003197,0.003408,-0.013190,-0.005104,-0.007172,-0.010223,-0.002143,-0.004632,-0.019932,-0.000211,-0.004268,-0.002112,0.008929,0.016993,-0.000855,0.002850,0.007671,0.015853,-0.005161,0.003244,1.000000,0.014638,-0.016472,-0.005213,-0.005032,0.004761,0.015380,-0.010606,-0.016155,-0.003612,0.002164,0.009785,-0.009516,0.010015,-0.007776,-0.009828,-0.005441,0.020212,0.004833,-0.005015,-0.007611,0.008192,0.007391,0.014638,1.000000,0.017015,0.002203,-0.019593,0.004608,0.010440,-0.004788,0.007109,0.002224,-0.007531,-0.009971,-0.001972,-0.013828,0.009554,-0.008348,-0.007122,0.009178,0.002138,0.003229,-0.009379,0.008416,0.006018,-0.016472,0.017015,1.000000,0.006795,-0.000213,0.001984,0.005608,0.004402,0.003183,0.008604,0.009614,-0.015195,-0.007435,0.004995,-0.005609,-0.012391,0.006015,0.015596,0.003389,0.017606,-0.015796,0.002403,-0.003197,-0.005213,0.002203,0.006795,1.000000,0.002598,-0.006803,0.004218,-0.016595,-0.017043,0.002411,-0.008170,-0.010587,-0.004878,-0.015213,-0.009421,0.017424,0.011836,-0.001010,0.001172,-0.008987,-0.005990,-0.011393,0.003408,-0.005032,-0.019593,-0.000213,0.002598,1.000000,-0.005007,0.011223,0.009607,0.011551,-0.004587,-0.001961,0.013616,0.005308,0.013385,0.006774,-0.013971,0.014045,0.019988,0.008566,-0.001984,0.004612,0.014009,-0.013190,0.004761,0.004608,0.001984,-0.006803,-0.005007,1.000000,
1.000000,-0.007758,-0.000483,-0.006786,0.017140,0.014922,0.001167,0.002490,-0.009881,-0.017249,0.003899,0.004090,-0.002329,0.009396,-0.002299,-0.000225,0.004584,0.017070,0.024241,0.007721,-0.004915,0.005001,0.007715,0.002496,-0.007758,1.000000,0.005252,-0.007567,0.004449,0.016815,0.014137,-0.019817,-0.019186,-0.009228,0.010782,0.002984,0.006187,-0.003363,0.026019,0.000878,0.002331,0.007424,-0.011771,0.020979,0.003421,-0.001036,-0.001421,0.004419,-0.000483,0.005252,1.000000,-0.005022,0.008886,0.012307,0.004240,-0.000093,-0.001296,-0.009418,0.002118,-0.017296,0.001485,0.003554,0.011484,0.001493,-0.007547,0.002042,0.006406,0.007545,0.013667,-0.003562,0.029142,-0.009327,-0.006786,-0.007567,-0.005022,1.000000,-0.016610,0.011939,-0.005917,-0.023733,-0.002463,0.004521,-0.025126,0.001870,0.015056,-0.009162,-0.002077,-0.007134,-0.004504,-0.000303,-0.011929,-0.010908,0.006912,-0.010046,0.002689,-0.004882,0.017140,0.004449,0.008886,-0.016610,1.000000,-0.006891,0.006612,0.001900,-0.002490,-0.003429,-0.000690,0.001100,0.009881,0.023575,-0.001310,0.001926,-0.000774,-0.003149,-0.015185,0.004335,0.003273,0.002024,-0.008474,-0.001317,0.014922,0.016815,0.012307,0.011939,-0.006891,1.000000,-0.010079,-0.005770,-0.013227,0.014453,-0.009567,0.005430,-0.010176,0.002531,-0.005233,-0.014549,0.004931,0.003355,-0.003855,-0.004160,0.007362,-0.006533,-0.008162,-0.017636,0.001167,0.014137,0.004240,-0.005917,0.006612,-0.010079,1.000000,-0.002939,-0.003277,0.005964,-0.008755,0.003463,0.000691,0.005521,0.013957,0.000457,0.004412,0.003006,-0.005750,-0.011789,-0.008226,-0.013114,-0.000576,-0.002439,0.002490,-0.019817,-0.000093,-0.023733,0.001900,-0.005770,-0.002939,1.000000,-0.006570,-0.002658,0.024164,-0.010834,0.007574,0.005678,-0.000563,-0.000840,-0.007546,-0.001950,-0.013940,-0.008446,0.010043,0.019927,0.002357,-0.009361,-0.009881,-0.019186,-0.001296,-0.002463,-0.002490,-0.013227,-0.003277,-0.006570,1.000000,0.000052,-0.000367,-0.014970,-0.000176,-0.012271,-0.018434,-0.000544,0.020536,-0.005845,-0.002655,-0.010960,-0.007439,-0.010533,0.001039,-0.003235,-0.017249,-0.009228,-0.009418,0.004521,-0.003429,0.014453,0.005964,-0.002658,0.000052,1.000000,0.013537,-0.010259,-0.002246,-0.006867,0.015265,-0.009328,-0.003449,-0.000514,0.000306,0.008923,0.000674,-0.006731,-0.001074,-0.009533,0.003899,0.010782,0.002118,-0.025126,-0.000690,-0.009567,-0.008755,0.024164,-0.000367,0.013537,1.000000,-0.011038,0.004971,-0.030918,-0.005159,0.002178,0.001442,-0.004545,-0.023734,-0.006250,0.017048,0.010918,0.006953,0.005644,0.004090,0.002984,-0.017296,0.001870,0.001100,0.005430,0.003463,-0.010834,-0.014970,-0.010259,-0.011038,1.000000,0.009574,-0.002723,0.003437,0.019568,-0.011948,-0.001150,0.000462,-0.015646,0.010043,-0.010877,-0.001643,0.001840,-0.002329,0.006187,0.001485,0.015056,0.009881,-0.010176,0.000691,0.007574,-0.000176,-0.002246,0.004971,0.009574,1.000000,0.004462,0.006230,0.007530,-0.015119,0.000040,0.009649,-0.010836,-0.003566,-0.013261,0.002366,0.018632,0.009396,-0.003363,0.003554,-0.009162,0.023575,0.002531,0.005521,0.005678,-0.012271,-0.006867,-0.030918,-0.002723,0.004462,1.000000,-0.000686,-0.018979,-0.005470,0.004685,0.019061,-0.010697,0.006702,-0.008227,-0.010302,0.008110,-0.002299,0.026019,0.011484,-0.002077,-0.001310,-0.005233,0.013957,-0.000563,-0.018434,0.015265,-0.005159,0.003437,0.006230,-0.000686,1.000000,-0.011781,-0.002642,0.021346,-0.016669,0.007850,-0.001447,-0.014118,-0.004953,-0.009244,-0.000225,0.000878,0.001493,-0.007134,0.001926,-0.014549,0.000457,-0.000840,-0.000544,-0.009328,0.002178,0.019568,0.007530,-0.018979,-0.011781,1.000000,0.023501,0.002764,-0.004094,0.006018,-0.005206,0.021369,0.002405,0.010216,0.004584,0.002331,-0.007547,-0.004504,-0.000774,0.004931,0.004412,-0.007546,0.020536,-0.003449,0.001442,-0.011948,-0.015119,-0.005470,-0.002642,0.023501,1.000000,-0.004388,0.024072,-0.012398,-0.007219,-0.008526,-0.006786,0.000969,0.017070,0.007424,0.002042,-0.000303,-0.003149,0.003355,0.003006,-0.001950,-0.005845,-0.000514,-0.004545,-0.001150,0.000040,0.004685,0.021346,0.002764,-0.004388,1.000000,0.011510,-0.001533,0.000736,-0.003089,-0.012737,0.001342,0.024241,-0.011771,0.006406,-0.011929,-0.015185,-0.003855,-0.005750,-0.013940,-0.002655,0.000306,-0.023734,0.000462,0.009649,0.019061,-0.016669,-0.004094,0.024072,0.011510,1.000000,0.018484,0.005922,-0.009063,-0.002722,-0.015473,0.007721,0.020979,0.007545,-0.010908,0.004335,-0.004160,-0.011789,-0.008446,-0.010960,0.008923,-0.006250,-0.015646,-0.010836,-0.010697,0.007850,0.006018,-0.012398,-0.001533,0.018484,1.000000,-0.003943,-0.002502,-0.017259,0.005853,-0.004915,0.003421,0.013667,0.006912,0.003273,0.007362,-0.008226,0.010043,-0.007439,0.000674,0.017048,0.010043,-0.003566,0.006702,-0.001447,-0.005206,-0.007219,0.000736,0.005922,-0.003943,1.000000,0.005297,0.011655,0.004150,0.005001,-0.001036,-0.003562,-0.010046,0.002024,-0.006533,-0.013114,0.019927,-0.010533,-0.006731,0.010918,-0.010877,-0.013261,-0.008227,-0.014118,0.021369,-0.008526,-0.003089,-0.009063,-0.002502,0.005297,1.000000,0.007905,-0.002512,0.007715,-0.001421,0.029142,0.002689,-0.008474,-0.008162,-0.000576,0.002357,0.001039,-0.001074,0.006953,-0.001643,0.002366,-0.010302,-0.004953,0.002405,-0.006786,-0.012737,-0.002722,-0.017259,0.011655,0.007905,1.000000,-0.016551,0.002496,0.004419,-0.009327,-0.004882,-0.001317,-0.017636,-0.002439,-0.009361,-0.003235,-0.009533,0.005644,0.001840,0.018632,0.008110,-0.009244,0.010216,0.000969,0.001342,-0.015473,0.005853,0.004150,-0.002512,-0.016551,1.000000,
1.000000,-0.003598,-0.009519,0.000431,0.014996,0.005335,-0.008102,-0.002275,-0.006572,-0.015570,-0.021209,0.000586,0.000482,-0.001109,-0.030895,0.015406,-0.007810,-0.011293,-0.014996,-0.003933,-0.014258,-0.003961,0.019053,0.014696,-0.001833,-0.003598,1.000000,-0.006198,0.012400,-0.012200,-0.006403,0.000402,-0.006002,0.012600,-0.014001,0.005200,-0.003000,0.000202,0.000202,-0.001198,0.012600,-0.011000,0.006998,0.008600,0.001002,0.006601,-0.022599,0.016999,-0.007002,-0.000999,-0.009519,-0.006198,1.000000,-0.015375,0.006396,-0.002086,0.005314,0.001906,0.006424,0.021427,0.010995,-0.000412,0.002300,0.005108,0.003722,-0.009596,0.001192,0.006493,0.000004,-0.014514,-0.004848,0.011466,-0.001156,0.000880,0.007972,0.000431,0.012400,-0.015375,1.000000,0.010601,-0.014031,-0.009178,-0.005228,0.001794,0.003593,-0.000798,0.007403,0.004626,-0.010177,-0.000780,0.001799,0.015802,0.001776,-0.019001,-0.001371,0.010613,-0.007365,-0.010612,-0.005821,0.002207,0.014996,-0.012200,0.006396,0.010601,1.000000,0.011005,-0.001403,0.003804,-0.004799,-0.007799,0.009000,-0.001600,-0.018805,0.015597,-0.000203,0.002800,0.003600,-0.008397,-0.020000,-0.004005,0.012398,0.011596,-0.015598,0.000403,0.004399,0.005335,-0.006403,-0.002086,-0.014031,0.011005,1.000000,0.023300,-0.011322,-0.000227,-0.003230,0.000807,0.006614,-0.014088,0.001905,-0.013512,-0.007805,0.007010,-0.009906,-0.011005,-0.003673,0.006655,-0.002445,-0.013051,-0.008692,-0.004968,-0.008102,0.000402,0.005314,-0.009178,-0.001403,0.023300,1.000000,0.011292,0.001421,0.016023,-0.003205,0.003390,-0.013487,0.004121,-0.004867,-0.004597,-0.007407,0.001079,0.005804,0.000504,0.013359,-0.017119,-0.000562,0.003469,-0.013425,-0.002275,-0.006002,0.001906,-0.005228,0.003804,-0.011322,0.011292,1.000000,-0.007826,-0.008828,-0.008394,0.007413,-0.020896,0.016699,-0.007918,-0.012605,0.003009,0.015304,0.010596,0.003919,0.003451,-0.000056,-0.022648,-0.001085,-0.006171,-0.006572,0.012600,0.006424,0.001794,-0.004799,-0.000227,0.001421,-0.007826,1.000000,-0.007006,0.006201,0.013203,-0.003176,-0.016779,-0.002981,0.001599,0.000402,0.011978,0.009599,0.000027,0.005212,0.010834,0.007190,-0.015220,0.000007,-0.015570,-0.014001,0.021427,0.003593,-0.007799,-0.003230,0.016023,-0.008828,-0.007006,1.000000,-0.007598,0.007403,0.006226,-0.004576,0.012821,0.022999,-0.004198,-0.010224,-0.000601,0.001829,0.013413,-0.008965,-0.013012,0.014580,-0.001393,-0.021209,0.005200,0.010995,-0.000798,0.009000,0.000807,-0.003205,-0.008394,0.006201,-0.007598,1.000000,0.019399,-0.013007,-0.000206,-0.012805,0.012600,0.000200,-0.015795,-0.001400,-0.004207,0.007797,0.004192,-0.014197,0.003405,-0.011402,0.000586,-0.003000,-0.000412,0.007403,-0.001600,0.006614,0.003390,0.007413,0.013203,0.007403,0.019399,1.000000,-0.006012,-0.001211,-0.003809,0.010000,0.000399,0.010812,0.011200,0.011187,0.010794,0.001184,-0.014795,0.004810,0.011997,0.000482,0.000202,0.002300,0.004626,-0.018805,-0.014088,-0.013487,-0.020896,-0.003176,0.006226,-0.013007,-0.006012,1.000000,-0.000892,-0.002678,0.014805,-0.003208,-0.009509,-0.007196,-0.020514,-0.019649,-0.002136,0.015245,-0.010321,-0.005628,-0.001109,0.000202,0.005108,-0.010177,0.015597,0.001905,0.004121,0.016699,-0.016779,-0.004576,-0.000206,-0.001211,-0.000892,1.000000,0.001728,0.001204,-0.003207,0.000485,-0.003996,0.005498,-0.000044,0.007076,0.012041,-0.006727,0.011175,-0.030895,-0.001198,0.003722,-0.000780,-0.000203,-0.013512,-0.004867,-0.007918,-0.002981,0.012821,-0.012805,-0.003809,-0.002678,0.001728,1.000000,-0.004597,-0.001006,-0.002928,-0.000997,0.006513,0.003763,0.008495,-0.005766,0.007463,-0.008222,0.015406,0.012600,-0.009596,0.001799,0.002800,-0.007805,-0.004597,-0.012605,0.001599,0.022999,0.012600,0.010000,0.014805,0.001204,-0.004597,1.000000,0.014400,0.003996,0.021200,0.010405,0.000402,-0.010396,0.001198,-0.001203,-0.013599,-0.007810,-0.011000,0.001192,0.015802,0.003600,0.007010,-0.007407,0.003009,0.000402,-0.004198,0.000200,0.000399,-0.003208,-0.003207,-0.001006,0.014400,1.000000,0.003207,-0.009600,0.004791,-0.004404,0.009590,0.013604,-0.001194,-0.012802,-0.011293,0.006998,0.006493,0.001776,-0.008397,-0.009906,0.001079,0.015304,0.011978,-0.010224,-0.015795,0.010812,-0.009509,0.000485,-0.002928,0.003996,0.003207,1.000000,0.004397,0.004504,0.004044,0.017728,0.015160,0.011127,-0.005975,-0.014996,0.008600,0.000004,-0.019001,-0.020000,-0.011005,0.005804,0.010596,0.009599,-0.000601,-0.001400,0.011200,-0.007196,-0.003996,-0.000997,0.021200,-0.009600,0.004397,1.000000,-0.001596,0.006402,0.010006,0.014798,0.015197,0.012801,-0.003933,0.001002,-0.014514,-0.001371,-0.004005,-0.003673,0.000504,0.003919,0.000027,0.001829,-0.004207,0.011187,-0.020514,0.005498,0.006513,0.010405,0.004791,0.004504,-0.001596,1.000000,0.019948,-0.007353,0.014450,-0.000710,-0.002432,-0.014258,0.006601,-0.004848,0.010613,0.012398,0.006655,0.013359,0.003451,0.005212,0.013413,0.007797,0.010794,-0.019649,-0.000044,0.003763,0.000402,-0.004404,0.004044,0.006402,0.019948,1.000000,0.003535,-0.009179,0.010039,0.005987,-0.003961,-0.022599,0.011466,-0.007365,0.011596,-0.002445,-0.017119,-0.000056,0.010834,-0.008965,0.004192,0.001184,-0.002136,0.007076,0.008495,-0.010396,0.009590,0.017728,0.010006,-0.007353,0.003535,1.000000,-0.009141,-0.004692,0.000362,0.019053,0.016999,-0.001156,-0.010612,-0.015598,-0.013051,-0.000562,-0.022648,0.007190,-0.013012,-0.014197,-0.014795,0.015245,0.012041,-0.005766,0.001198,0.013604,0.015160,0.014798,0.014450,-0.009179,-0.009141,1.000000,-0.011636,0.000812,0.014696,-0.007002,0.000880,-0.005821,0.000403,-0.008692,0.003469,-0.001085,-0.015220,0.014580,0.003405,0.004810,-0.010321,-0.006727,0.007463,-0.001203,-0.001194,0.011127,0.015197,-0.000710,0.010039,-0.004692,-0.011636,1.000000,0.005623,-0.001833,-0.000999,0.007972,0.002207,0.004399,-0.004968,-0.013425,-0.006171,0.000007,-0.001393,-0.011402,0.011997,-0.005628,0.011175,-0.008222,-0.013599,-0.012802,-0.005975,0.012801,-0.002432,0.005987,0.000362,0.000812,0.005623,1.000000,
1.000000,0.005364,0.004087,0.015486,0.002356,-0.017621,0.001400,0.002336,-0.016852,-0.012184,-0.000844,0.001995,-0.005152,-0.016932,0.015765,-0.004248,0.004724,0.000164,-0.008408,-0.010197,-0.013476,0.002359,-0.016178,0.004474,-0.009417,-0.019610,0.005364,1.000000,-0.014554,-0.000263,-0.005024,0.001699,0.000400,-0.005435,0.008973,0.003209,0.002976,-0.014203,-0.008883,-0.007963,-0.006019,-0.000918,-0.000950,-0.012020,0.007396,-0.003598,-0.008133,0.001778,0.004012,-0.000560,0.008391,-0.011313,0.004087,-0.014554,1.000000,0.002151,-0.007543,-0.007240,-0.002600,-0.001117,-0.006335,0.003779,0.007658,-0.002794,0.001195,-0.001089,0.007447,0.003404,-0.005443,0.005447,-0.012790,0.009796,-0.003364,0.005653,-0.000630,0.009506,0.001421,0.012868,0.015486,-0.000263,0.002151,1.000000,-0.010478,0.002119,0.000600,0.009891,0.002712,-0.005372,0.005924,-0.017210,-0.014065,-0.005281,-0.011464,-0.011739,-0.021898,0.012939,-0.011215,0.009007,0.015022,-0.005272,-0.000960,-0.008273,0.011773,-0.005755,0.002356,-0.005024,-0.007543,-0.010478,1.000000,-0.003680,0.000200,0.004358,-0.029634,-0.000989,-0.006429,-0.009203,-0.003500,-0.001755,0.000176,0.011303,0.023630,-0.003024,-0.004405,-0.020598,0.020886,0.010373,0.003015,-0.008352,-0.011411,-0.003535,-0.017621,0.001699,-0.007240,0.002119,-0.003680,1.000000,-0.004001,-0.006427,-0.017266,-0.002445,0.018726,-0.004588,-0.000388,0.015416,-0.013505,-0.015823,-0.000839,0.010101,0.006624,0.005993,0.007858,-0.014092,-0.000863,-0.002402,0.018049,0.031773,0.001400,0.000400,-0.002600,0.000600,0.000200,-0.004001,1.000000,0.019001,-0.007800,-0.008800,0.003000,-0.011800,0.005601,0.016801,0.003600,0.013402,0.002001,-0.011600,-0.019000,0.000400,0.005801,-0.001400,0.009200,-0.013801,0.002800,0.010403,0.002336,-0.005435,-0.001117,0.009891,0.004358,-0.006427,0.019001,1.000000,-0.002448,-0.002184,0.010358,-0.001605,0.011659,0.009066,0.009366,-0.006256,0.003137,-0.009035,-0.008408,0.011003,0.005721,0.002361,0.000622,-0.009931,-0.004616,-0.005595,-0.016852,0.008973,-0.006335,0.002712,-0.029634,-0.017266,-0.007800,-0.002448,1.000000,0.023413,-0.010034,-0.006804,-0.011516,-0.018949,-0.000227,0.008517,0.009195,-0.007828,-0.011606,0.004603,-0.004305,-0.010431,-0.004183,-0.004744,-0.005813,0.011650,-0.012184,0.003209,0.003779,-0.005372,-0.000989,-0.002445,-0.008800,-0.002184,0.023413,1.000000,-0.006589,-0.001399,0.003237,0.005183,0.000009,-0.006238,-0.003534,-0.004791,0.018602,-0.000401,-0.000631,-0.000590,-0.000806,0.004582,0.002404,0.015654,-0.000844,0.002976,0.007658,0.005924,-0.006429,0.018726,0.003000,0.010358,-0.010034,-0.006589,1.000000,0.000797,0.015303,0.009846,0.001776,-0.001900,0.026432,0.000576,-0.009606,-0.008198,-0.020320,-0.001627,0.021016,-0.014352,0.009789,-0.023942,0.001995,-0.014203,-0.002794,-0.017210,-0.009203,-0.004588,-0.011800,-0.001605,-0.006804,-0.001399,0.000797,1.000000,0.011391,-0.000995,-0.009803,0.005212,-0.001821,0.011397,0.005599,-0.008200,-0.009592,-0.006403,-0.000598,0.000405,0.001399,0.003786,-0.005152,-0.008883,0.001195,-0.014065,-0.003500,-0.000388,0.005601,0.011659,-0.011516,0.003237,0.015303,0.011391,1.000000,-0.020250,-0.003682,0.010946,-0.009433,0.006320,0.012984,-0.013595,0.003284,0.008510,-0.008750,0.026371,-0.000437,-0.012062,-0.016932,-0.007963,-0.001089,-0.005281,-0.001755,0.015416,0.016801,0.009066,-0.018949,0.005183,0.009846,-0.000995,-0.020250,1.000000,-0.009963,-0.018760,0.009892,-0.004363,-0.014592,-0.004004,0.005672,-0.000158,0.004777,-0.005076,-0.022784,-0.012196,0.015765,-0.006019,0.007447,-0.011464,0.000176,-0.013505,0.003600,0.009366,-0.000227,0.000009,0.001776,-0.009803,-0.003682,-0.009963,1.000000,-0.021722,-0.004552,-0.010820,0.003796,0.004802,-0.008533,-0.003822,0.002812,-0.018561,-0.002809,0.015896,-0.004248,-0.000918,0.003404,-0.011739,0.011303,-0.015823,0.013402,-0.006256,0.008517,-0.006238,-0.001900,0.005212,0.010946,-0.018760,-0.021722,1.000000,0.004035,0.016685,0.011621,0.000993,0.016118,-0.023911,-0.006253,0.015036,-0.002563,-0.001740,0.004724,-0.000950,-0.005443,-0.021898,0.023630,-0.000839,0.002001,0.003137,0.009195,-0.003534,0.026432,-0.001821,-0.009433,0.009892,-0.004552,0.004035,1.000000,0.010256,0.007770,-0.005590,0.010331,-0.000370,0.008100,-0.023509,0.020344,0.014370,0.000164,-0.012020,0.005447,0.012939,-0.003024,0.010101,-0.011600,-0.009035,-0.007828,-0.004791,0.000576,0.011397,0.006320,-0.004363,-0.010820,0.016685,0.010256,1.000000,-0.002204,-0.010398,0.000668,-0.001422,-0.010388,-0.002161,0.001991,-0.012913,-0.008408,0.007396,-0.012790,-0.011215,-0.004405,0.006624,-0.019000,-0.008408,-0.011606,0.018602,-0.009606,0.005599,0.012984,-0.014592,0.003796,0.011621,0.007770,-0.002204,1.000000,-0.007800,-0.001985,0.000795,0.007003,-0.012392,0.000198,0.002176,-0.010197,-0.003598,0.009796,0.009007,-0.020598,0.005993,0.000400,0.011003,0.004603,-0.000401,-0.008198,-0.008200,-0.013595,-0.004004,0.004802,0.000993,-0.005590,-0.010398,-0.007800,1.000000,-0.011408,0.001402,-0.001201,-0.009804,-0.009199,-0.001991,-0.013476,-0.008133,-0.003364,0.015022,0.020886,0.007858,0.005801,0.005721,-0.004305,-0.000631,-0.020320,-0.009592,0.003284,0.005672,-0.008533,0.016118,0.010331,0.000668,-0.001985,-0.011408,1.000000,0.008478,-0.006244,-0.006940,-0.002970,-0.013024,0.002359,0.001778,0.005653,-0.005272,0.010373,-0.014092,-0.001400,0.002361,-0.010431,-0.000590,-0.001627,-0.006403,0.008510,-0.000158,-0.003822,-0.023911,-0.000370,-0.001422,0.000795,0.001402,0.008478,1.000000,0.002614,0.012446,-0.001810,0.002877,-0.016178,0.004012,-0.000630,-0.000960,0.003015,-0.000863,0.009200,0.000622,-0.004183,-0.000806,0.021016,-0.000598,-0.008750,0.004777,0.002812,-0.006253,0.008100,-0.010388,0.007003,-0.001201,-0.006244,0.002614,1.000000,0.013375,0.010806,-0.004332,0.004474,-0.000560,0.009506,-0.008273,-0.008352,-0.002402,-0.013801,-0.009931,-0.004744,0.004582,-0.014352,0.000405,0.026371,-0.005076,-0.018561,0.015036,-0.023509,-0.002161,-0.012392,-0.009804,-0.006940,0.012446,0.013375,1.000000,-0.001782,-0.009180,-0.009417,0.008391,0.001421,0.011773,-0.011411,0.018049,0.002800,-0.004616,-0.005813,0.002404,0.009789,0.001399,-0.000437,-0.022784,-0.002809,-0.002563,0.020344,0.001991,0.000198,-0.009199,-0.002970,-0.001810,0.010806,-0.001782,1.000000,-0.004051,-0.019610,-0.011313,0.012868,-0.005755,-0.003535,0.031773,0.010403,-0.005595,0.011650,0.015654,-0.023942,0.003786,-0.012062,-0.012196,0.015896,-0.001740,0.014370,-0.012913,0.002176,-0.001991,-0.013024,0.002877,-0.004332,-0.009180,-0.004051,1.000000,
1.000000,0.017811,0.023201,0.001006,-0.005605,-0.002808,0.006401,0.002605,0.000598,0.011621,-0.007597,-0.010175,0.003981,0.002216,-0.006391,-0.015430,-0.013224,0.006589,0.004414,-0.001803,-0.008196,-0.003827,0.017198,0.001599,0.011812,0.009615,-0.018200,0.017811,1.000000,-0.004207,-0.008043,0.005835,0.010256,-0.005011,-0.000033,0.005212,-0.001138,-0.000224,-0.003799,0.006339,0.007486,-0.013470,-0.006211,0.005159,0.003285,0.016505,0.012419,-0.006426,0.013388,-0.006987,0.007407,0.002719,0.020102,0.003998,0.023201,-0.004207,1.000000,0.012596,-0.004397,-0.000395,0.004399,-0.001403,-0.007399,-0.000413,-0.017202,0.001782,-0.001987,-0.002611,0.017194,-0.000982,0.000415,-0.004592,-0.009610,0.001802,0.004598,0.009819,-0.013199,0.004401,0.013393,-0.009210,0.000200,0.001006,-0.008043,0.012596,1.000000,0.015820,-0.004168,0.002994,-0.002819,-0.003993,-0.011482,-0.013814,0.007887,-0.002520,0.013534,0.006560,-0.003090,-0.002508,0.000049,-0.018257,-0.011589,0.008385,-0.003894,0.011008,-0.009396,-0.003647,0.000142,0.009599,-0.005605,0.005835,-0.004397,0.015820,1.000000,-0.002426,-0.015995,-0.004585,0.009394,-0.012738,-0.006789,-0.011711,-0.018467,0.011855,0.002432,0.004912,0.006328,-0.010640,0.008845,-0.003409,0.014612,0.009717,0.007194,-0.006803,-0.013763,-0.006754,0.009001,-0.002808,0.010256,-0.000395,-0.004168,-0.002426,1.000000,0.007608,-0.006976,-0.011809,0.015705,0.000418,-0.012456,-0.000502,-0.001714,0.006452,0.000458,-0.001718,0.000937,0.000072,0.007386,0.001419,-0.005538,0.001190,0.008795,-0.008140,-0.004726,-0.018999,0.006401,-0.005011,0.004399,0.002994,-0.015995,0.007608,1.000000,-0.006605,-0.004198,-0.000419,0.011597,-0.008230,-0.001981,0.018186,-0.002010,-0.001774,0.028427,-0.001388,0.008387,-0.002997,0.005396,-0.004575,0.004402,0.000801,-0.000611,0.006387,-0.012200,0.002605,-0.000033,-0.001403,-0.002819,-0.004585,-0.006976,-0.006605,1.000000,0.004805,-0.001461,0.003789,0.011916,-0.001339,-0.002451,0.005370,0.019289,-0.008932,0.013238,0.004158,0.004008,-0.002811,-0.008321,0.025006,0.006603,0.004765,-0.003044,0.004399,0.000598,0.005212,-0.007399,-0.003993,0.009394,-0.011809,-0.004198,0.004805,1.000000,-0.000978,-0.011396,-0.000768,0.000578,0.004019,0.002211,-0.007633,-0.001026,-0.000414,0.020617,0.000797,-0.008396,0.010773,0.002198,0.016999,0.005213,0.001816,0.006800,0.011621,-0.001138,-0.000413,-0.011482,-0.012738,0.015705,-0.000419,-0.001461,-0.000978,1.000000,0.002356,-0.019376,0.008658,0.003186,0.015474,0.000555,0.010297,0.004358,-0.008581,0.009436,0.013354,0.010946,-0.010776,-0.007188,-0.006351,0.000214,-0.009404,-0.007597,-0.000224,-0.017202,-0.013814,-0.006789,0.000418,0.011597,0.003789,-0.011396,0.002356,1.000000,0.010138,-0.003956,-0.002638,-0.014823,0.017467,0.008053,0.003828,-0.005232,-0.006194,-0.020209,0.012663,0.002404,0.003202,0.012974,0.003568,-0.017801,-0.010175,-0.003799,0.001782,0.007887,-0.011711,-0.012456,-0.008230,0.011916,-0.000768,-0.019376,0.010138,1.000000,0.012573,0.002893,0.008418,0.000111,-0.004979,0.004227,0.005544,0.006852,0.000731,-0.026721,0.015041,0.003819,-0.015821,-0.022074,-0.003205,0.003981,0.006339,-0.001987,-0.002520,-0.018467,-0.000502,-0.001981,-0.001339,0.000578,0.008658,-0.003956,0.012573,1.000000,0.014818,-0.004673,-0.010959,-0.014699,0.006844,0.006580,0.022968,0.021851,-0.000543,-0.006026,0.002788,-0.005251,-0.013017,0.006204,0.002216,0.007486,-0.002611,0.013534,0.011855,-0.001714,0.018186,-0.002451,0.004019,0.003186,-0.002638,0.002893,0.014818,1.000000,0.001293,-0.006905,-0.005555,0.005332,-0.008751,0.011631,-0.025643,0.001087,0.007022,-0.008590,-0.008127,0.002845,0.005198,-0.006391,-0.013470,0.017194,0.006560,0.002432,0.006452,-0.002010,0.005370,0.002211,0.015474,-0.014823,0.008418,-0.004673,0.001293,1.000000,-0.009625,0.030553,-0.001322,-0.002090,-0.001782,0.004576,-0.003230,-0.011988,-0.017994,-0.010276,0.022709,0.000598,-0.015430,-0.006211,-0.000982,-0.003090,0.004912,0.000458,-0.001774,0.019289,-0.007633,0.000555,0.017467,0.000111,-0.010959,-0.006905,-0.009625,1.000000,-0.007011,0.010185,-0.005153,0.009954,0.010869,-0.006478,-0.015439,0.006184,-0.006193,0.004459,-0.005997,-0.013224,0.005159,0.000415,-0.002508,0.006328,-0.001718,0.028427,-0.008932,-0.001026,0.010297,0.008053,-0.004979,-0.014699,-0.005555,0.030553,-0.007011,1.000000,0.001620,0.013009,0.001360,-0.014547,-0.000594,0.001571,-0.000015,-0.010029,0.012216,-0.008598,0.006589,0.003285,-0.004592,0.000049,-0.010640,0.000937,-0.001388,0.013238,-0.000414,0.004358,0.003828,0.004227,0.006844,0.005332,-0.001322,0.010185,0.001620,1.000000,-0.014092,0.010779,0.008830,0.018996,0.001784,0.006592,-0.008309,-0.003687,0.001202,0.004414,0.016505,-0.009610,-0.018257,0.008845,0.000072,0.008387,0.004158,0.020617,-0.008581,-0.005232,0.005544,0.006580,-0.008751,-0.002090,-0.005153,0.013009,-0.014092,1.000000,-0.005376,-0.007034,-0.007162,0.011619,0.020010,-0.019507,-0.010531,-0.021404,-0.001803,0.012419,0.001802,-0.011589,-0.003409,0.007386,-0.002997,0.004008,0.000797,0.009436,-0.006194,0.006852,0.022968,0.011631,-0.001782,0.009954,0.001360,0.010779,-0.005376,1.000000,-0.001993,0.002353,0.006997,-0.004602,0.003621,0.001426,-0.007600,-0.008196,-0.006426,0.004598,0.008385,0.014612,0.001419,0.005396,-0.002811,-0.008396,0.013354,-0.020209,0.000731,0.021851,-0.025643,0.004576,0.010869,-0.014547,0.008830,-0.007034,-0.001993,1.000000,0.007666,0.001405,-0.012998,-0.014029,-0.011436,0.017999,-0.003827,0.013388,0.009819,-0.003894,0.009717,-0.005538,-0.004575,-0.008321,0.010773,0.010946,0.012663,-0.026721,-0.000543,0.001087,-0.003230,-0.006478,-0.000594,0.018996,-0.007162,0.002353,0.007666,1.000000,-0.021439,-0.018621,0.005003,-0.006754,0.009206,0.017198,-0.006987,-0.013199,0.011008,0.007194,0.001190,0.004402,0.025006,0.002198,-0.010776,0.002404,0.015041,-0.006026,0.007022,-0.011988,-0.015439,0.001571,0.001784,0.011619,0.006997,0.001405,-0.021439,1.000000,0.006399,-0.002185,0.001619,-0.011800,0.001599,0.007407,0.004401,-0.009396,-0.006803,0.008795,0.000801,0.006603,0.016999,-0.007188,0.003202,0.003819,0.002788,-0.008590,-0.017994,0.006184,-0.000015,0.006592,0.020010,-0.004602,-0.012998,-0.018621,0.006399,1.000000,0.006208,-0.008391,-0.026200,0.011812,0.002719,0.013393,-0.003647,-0.013763,-0.008140,-0.000611,0.004765,0.005213,-0.006351,0.012974,-0.015821,-0.005251,-0.008127,-0.010276,-0.006193,-0.010029,-0.008309,-0.019507,0.003621,-0.014029,0.005003,-0.002185,0.006208,1.000000,0.002491,0.006798,0.009615,0.020102,-0.009210,0.000142,-0.006754,-0.004726,0.006387,-0.003044,0.001816,0.000214,0.003568,-0.022074,-0.013017,0.002845,0.022709,0.004459,0.012216,-0.003687,-0.010531,0.001426,-0.011436,-0.006754,0.001619,-0.008391,0.002491,1.000000,0.020199,-0.018200,0.003998,0.000200,0.009599,0.009001,-0.018999,-0.012200,0.004399,0.006800,-0.009404,-0.017801,-0.003205,0.006204,0.005198,0.000598,-0.005997,-0.008598,0.001202,-0.021404,-0.007600,0.017999,0.009206,-0.011800,-0.026200,0.006798,0.020199,1.000000,
1.000000,-0.004431,0.014209,0.004003,0.007966,-0.003208,0.001010,-0.005163,0.007012,0.010774,0.012835,-0.015184,0.001801,-0.016193,0.011776,-0.007788,-0.006596,0.000379,-0.004605,0.009445,0.001588,0.015193,-0.002205,0.003207,-0.002787,0.015224,-0.007424,0.002021,-0.004431,1.000000,-0.006946,0.020821,0.002983,-0.008848,0.009862,-0.007767,-0.001723,-0.008570,-0.022192,0.008903,-0.016596,0.002244,-0.001155,-0.019325,0.002228,0.002271,-0.015835,0.006472,0.003526,-0.014448,-0.002633,-0.005559,0.002480,0.009348,0.003251,0.008931,0.014209,-0.006946,1.000000,-0.008206,-0.000537,0.002214,-0.004018,-0.008269,-0.015223,-0.001351,0.010940,0.017371,-0.001202,-0.016013,-0.017156,-0.017623,-0.007608,0.017038,-0.007990,-0.008480,0.021422,-0.000586,-0.004790,-0.003412,0.008977,-0.009043,0.006044,0.014563,0.004003,0.020821,-0.008206,1.000000,-0.007179,-0.009595,0.010994,-0.020427,-0.013008,-0.009584,-0.002822,-0.015611,0.006999,0.000596,-0.008985,0.004592,0.011797,-0.012787,-0.007397,-0.009429,0.004808,0.001605,-0.016197,-0.003604,0.013992,-0.013216,-0.014986,-0.011614,0.007966,0.002983,-0.000537,-0.007179,1.000000,-0.002054,0.002270,-0.012935,-0.001712,-0.001793,-0.013360,0.013719,0.002207,-0.010151,-0.008779,-0.009313,0.006232,-0.000549,-0.007439,-0.004692,0.009516,0.012748,-0.007839,-0.000353,-0.005109,0.021771,-0.016774,0.004549,-0.003208,-0.008848,0.002214,-0.009595,-0.002054,1.000000,-0.005385,-0.005943,-0.001781,0.005959,-0.003548,-0.009575,-0.005799,-0.001789,0.009363,-0.010581,-0.009393,0.006768,-0.013008,-0.012936,-0.006418,0.009189,0.003392,0.002410,-0.000380,-0.001564,0.008964,0.001632,0.001010,0.009862,-0.004018,0.010994,0.002270,-0.005385,1.000000,0.010927,-0.008825,0.004254,0.013734,-0.010633,-0.010402,0.011986,-0.001951,0.008376,-0.000009,-0.006159,-0.005990,-0.007688,-0.012977,0.000215,-0.013990,-0.011413,-0.010226,-0.001447,-0.008353,-0.001441,-0.005163,-0.007767,-0.008269,-0.020427,-0.012935,-0.005943,0.010927,1.000000,0.018908,0.022612,0.006540,-0.013328,-0.005408,-0.014657,0.004391,0.006106,0.024570,0.026565,-0.010161,0.007869,-0.014310,-0.009544,-0.008961,0.018352,0.006702,0.002220,0.004384,0.001841,0.007012,-0.001723,-0.015223,-0.013008,-0.001712,-0.001781,-0.008825,0.018908,1.000000,-0.001732,0.000514,0.003359,0.001198,0.006382,0.006863,-0.005632,-0.036412,-0.002948,0.003213,0.016694,-0.004570,-0.001781,-0.019987,-0.010617,0.002968,0.010541,0.000461,0.015748,0.010774,-0.008570,-0.001351,-0.009584,-0.001793,0.005959,0.004254,0.022612,-0.001732,1.000000,-0.014215,0.001690,0.001405,0.011440,-0.013538,0.015870,-0.004176,-0.025318,-0.011830,-0.000361,-0.014467,0.003559,-0.003830,-0.011564,0.001671,0.008130,0.002469,-0.004286,0.012835,-0.022192,0.010940,-0.002822,-0.013360,-0.003548,0.013734,0.006540,0.000514,-0.014215,1.000000,-0.004115,-0.012208,-0.007850,0.006374,-0.003887,-0.003431,0.011747,0.009038,0.015503,0.009684,-0.008749,-0.000163,0.009155,-0.009291,0.006638,-0.016837,-0.000545,-0.015184,0.008903,0.017371,-0.015611,0.013719,-0.009575,-0.010633,-0.013328,0.003359,0.001690,-0.004115,1.000000,-0.013403,-0.007424,-0.006118,-0.010242,-0.007015,0.000070,0.004218,-0.008747,0.000440,-0.000775,0.015818,-0.004422,-0.000043,0.005922,0.003080,-0.000870,0.001801,-0.016596,-0.001202,0.006999,0.002207,-0.005799,-0.010402,-0.005408,0.001198,0.001405,-0.012208,-0.013403,1.000000,-0.000001,-0.008796,0.006398,0.004799,-0.010597,0.016401,0.026797,0.003002,-0.023399,-0.010399,0.006599,-0.000202,-0.029006,-0.002396,-0.009804,-0.016193,0.002244,-0.016013,0.000596,-0.010151,-0.001789,0.011986,-0.014657,0.006382,0.011440,-0.007850,-0.007424,-0.000001,1.000000,0.000036,0.019982,-0.005206,-0.012171,0.002408,-0.006464,-0.012183,-0.000989,-0.010392,0.005390,0.000581,0.010967,-0.012766,0.002570,0.011776,-0.001155,-0.017156,-0.008985,-0.008779,0.009363,-0.001951,0.004391,0.006863,-0.013538,0.006374,-0.006118,-0.008796,0.000036,1.000000,0.008463,0.005223,0.002495,-0.016828,-0.002581,0.007740,0.000962,0.008374,-0.019368,0.001465,-0.015683,0.002279,-0.012496,-0.007788,-0.019325,-0.017623,0.004592,-0.009313,-0.010581,0.008376,0.006106,-0.005632,0.015870,-0.003887,-0.010242,0.006398,0.019982,0.008463,1.000000,0.011989,0.000253,-0.006387,0.004691,0.007830,-0.018181,-0.028387,0.013383,-0.011433,0.000141,-0.000340,0.003348,-0.006596,0.002228,-0.007608,0.011797,0.006232,-0.009393,-0.000009,0.024570,-0.036412,-0.004176,-0.003431,-0.007015,0.004799,-0.005206,0.005223,0.011989,1.000000,0.011019,0.022005,-0.003640,-0.008589,0.002207,0.013205,-0.009406,-0.006612,0.003779,0.000822,-0.002219,0.000379,0.002271,0.017038,-0.012787,-0.000549,0.006768,-0.006159,0.026565,-0.002948,-0.025318,0.011747,0.000070,-0.010597,-0.012171,0.002495,0.000253,0.011019,1.000000,-0.016223,-0.013619,-0.001251,0.013969,-0.018223,0.012029,0.009655,-0.000300,-0.007902,0.003689,-0.004605,-0.015835,-0.007990,-0.007397,-0.007439,-0.013008,-0.005990,-0.010161,0.003213,-0.011830,0.009038,0.004218,0.016401,0.002408,-0.016828,-0.006387,0.022005,-0.016223,1.000000,0.007649,0.002587,-0.013008,0.003194,-0.005393,0.025014,-0.014175,-0.003226,0.018623,0.009445,0.006472,-0.008480,-0.009429,-0.004692,-0.012936,-0.007688,0.007869,0.016694,-0.000361,0.015503,-0.008747,0.026797,-0.006464,-0.002581,0.004691,-0.003640,-0.013619,0.007649,1.000000,0.024711,0.005468,0.005248,0.011343,-0.012316,0.009995,-0.011391,0.002416,0.001588,0.003526,0.021422,0.004808,0.009516,-0.006418,-0.012977,-0.014310,-0.004570,-0.014467,0.009684,0.000440,0.003002,-0.012183,0.007740,0.007830,-0.008589,-0.001251,0.002587,0.024711,1.000000,-0.000018,0.008587,-0.006384,-0.001169,0.007658,-0.020660,0.006051,0.015193,-0.014448,-0.000586,0.001605,0.012748,0.009189,0.000215,-0.009544,-0.001781,0.003559,-0.008749,-0.000775,-0.023399,-0.000989,0.000962,-0.018181,0.002207,0.013969,-0.013008,0.005468,-0.000018,1.000000,0.011392,0.011210,0.000420,0.004436,0.013364,0.002032,-0.002205,-0.002633,-0.004790,-0.016197,-0.007839,0.003392,-0.013990,-0.008961,-0.019987,-0.003830,-0.000163,0.015818,-0.010399,-0.010392,0.008374,-0.028387,0.013205,-0.018223,0.003194,0.005248,0.008587,0.011392,1.000000,0.002207,-0.001386,0.003426,0.001974,0.009423,0.003207,-0.005559,-0.003412,-0.003604,-0.000353,0.002410,-0.011413,0.018352,-0.010617,-0.011564,0.009155,-0.004422,0.006599,0.005390,-0.019368,0.013383,-0.009406,0.012029,-0.005393,0.011343,-0.006384,0.011210,0.002207,1.000000,0.004383,-0.004032,-0.001768,-0.001228,-0.002787,0.002480,0.008977,0.013992,-0.005109,-0.000380,-0.010226,0.006702,0.002968,0.001671,-0.009291,-0.000043,-0.000202,0.000581,0.001465,-0.011433,-0.006612,0.009655,0.025014,-0.012316,-0.001169,0.000420,-0.001386,0.004383,1.000000,0.007139,-0.006138,0.008746,0.015224,0.009348,-0.009043,-0.013216,0.021771,-0.001564,-0.001447,0.002220,0.010541,0.008130,0.006638,0.005922,-0.029006,0.010967,-0.015683,0.000141,0.003779,-0.000300,-0.014175,0.009995,0.007658,0.004436,0.003426,-0.004032,0.007139,1.000000,0.001115,-0.004500,-0.007424,0.003251,0.006044,-0.014986,-0.016774,0.008964,-0.008353,0.004384,0.000461,0.002469,-0.016837,0.003080,-0.002396,-0.012766,0.002279,-0.000340,0.000822,-0.007902,-0.003226,-0.011391,-0.020660,0.013364,0.001974,-0.001768,-0.006138,0.001115,1.000000,-0.000499,0.002021,0.008931,0.014563,-0.011614,0.004549,0.001632,-0.001441,0.001841,0.015748,-0.004286,-0.000545,-0.000870,-0.009804,0.002570,-0.012496,0.003348,-0.002219,0.003689,0.018623,0.002416,0.006051,0.002032,0.009423,-0.001228,0.008746,-0.004500,-0.000499,1.000000,
