1.000000,0.009061,0.009061,1.000000,
1.000000,0.019789,0.016625,0.019789,1.000000,0.011201,0.016625,0.011201,1.000000,
1.000000,-0.001338,0.002175,-0.005399,-0.001338,1.000000,-0.018230,0.009194,0.002175,-0.018230,1.000000,0.004004,-0.005399,0.009194,0.004004,1.000000,
1.000000,-0.004267,0.002344,0.007326,0.014127,-0.004267,1.000000,-0.000754,-0.019341,0.010261,0.002344,-0.000754,1.000000,-0.015026,0.000975,0.007326,-0.019341,-0.015026,1.000000,-0.003634,0.014127,0.010261,0.000975,-0.003634,1.000000,
1.000000,-0.004995,-0.001392,0.001981,0.014179,-0.007392,-0.004995,1.000000,0.005197,0.002607,0.004808,-0.001203,-0.001392,0.005197,1.000000,0.017012,-0.009187,-0.006805,0.001981,0.002607,0.017012,1.000000,0.003370,0.018212,0.014179,0.004808,-0.009187,0.003370,1.000000,-0.005187,-0.007392,-0.001203,-0.006805,0.018212,-0.005187,1.000000,
1.000000,0.004022,0.009706,-0.008506,0.007347,-0.002382,0.001659,0.004022,1.000000,0.007875,0.002527,-0.011672,-0.008976,0.007013,0.009706,0.007875,1.000000,-0.007933,-0.001638,-0.016187,-0.017302,-0.008506,0.002527,-0.007933,1.000000,0.006038,0.010187,0.009701,0.007347,-0.011672,-0.001638,0.006038,1.000000,-0.006593,-0.008857,-0.002382,-0.008976,-0.016187,0.010187,-0.006593,1.000000,-0.012581,0.001659,0.007013,-0.017302,0.009701,-0.008857,-0.012581,1.000000,
1.000000,0.000800,0.004400,-0.006000,0.004800,0.009800,0.003400,0.010602,0.000800,1.000000,0.009264,-0.001605,0.010828,0.007785,-0.002180,0.007726,0.004400,0.009264,1.000000,-0.003983,-0.002092,0.003849,-0.007467,-0.011958,-0.006000,-0.001605,-0.003983,1.000000,0.011208,0.010196,-0.003795,-0.005821,0.004800,0.010828,-0.002092,0.011208,1.000000,-0.008578,-0.017830,0.001909,0.009800,0.007785,0.003849,0.010196,-0.008578,1.000000,0.007216,-0.013660,0.003400,-0.002180,-0.007467,-0.003795,-0.017830,0.007216,1.000000,0.008880,0.010602,0.007726,-0.011958,-0.005821,0.001909,-0.013660,0.008880,1.000000,
1.000000,0.014548,0.010952,0.017475,-0.003051,0.005593,0.006780,0.004260,-0.007598,0.014548,1.000000,-0.018082,0.014924,-0.006885,0.006589,-0.004234,-0.019502,0.005404,0.010952,-0.018082,1.000000,0.008913,-0.009678,-0.009811,-0.009831,-0.004309,-0.003797,0.017475,0.014924,0.008913,1.000000,0.008918,-0.005785,-0.004954,0.011464,-0.003005,-0.003051,-0.006885,-0.009678,0.008918,1.000000,0.021790,-0.011033,-0.013106,-0.012597,0.005593,0.006589,-0.009811,-0.005785,0.021790,1.000000,-0.014004,-0.006588,-0.005200,0.006780,-0.004234,-0.009831,-0.004954,-0.011033,-0.014004,1.000000,0.008239,0.007201,0.004260,-0.019502,-0.004309,0.011464,-0.013106,-0.006588,0.008239,1.000000,0.000996,-0.007598,0.005404,-0.003797,-0.003005,-0.012597,-0.005200,0.007201,0.000996,1.000000,
1.000000,0.009426,0.007625,-0.001613,-0.006848,0.005507,0.021817,-0.007777,-0.002214,0.006542,0.009426,1.000000,0.002182,-0.000190,0.000636,-0.009330,-0.005612,-0.000418,0.010811,-0.003156,0.007625,0.002182,1.000000,0.010809,0.001234,0.004469,-0.003012,0.003783,0.003810,0.012243,-0.001613,-0.000190,0.010809,1.000000,-0.001618,0.025168,-0.000194,-0.008591,0.032595,0.008578,-0.006848,0.000636,0.001234,-0.001618,1.000000,0.011069,-0.015778,0.012633,-0.011820,-0.000282,0.005507,-0.009330,0.004469,0.025168,0.011069,1.000000,-0.019757,0.021868,0.006162,0.000038,0.021817,-0.005612,-0.003012,-0.000194,-0.015778,-0.019757,1.000000,-0.003611,-0.019593,0.013229,-0.007777,-0.000418,0.003783,-0.008591,0.012633,0.021868,-0.003611,1.000000,-0.006390,-0.011961,-0.002214,0.010811,0.003810,0.032595,-0.011820,0.006162,-0.019593,-0.006390,1.000000,-0.002824,0.006542,-0.003156,0.012243,0.008578,-0.000282,0.000038,0.013229,-0.011961,-0.002824,1.000000,
1.000000,-0.019269,0.010245,-0.018306,-0.005775,-0.004727,-0.003477,0.010317,-0.011484,0.006868,-0.000428,-0.019269,1.000000,0.001546,-0.004236,0.015542,0.015358,0.018443,-0.008429,0.001240,-0.010777,0.004390,0.010245,0.001546,1.000000,-0.017084,0.004662,-0.007102,-0.001502,0.001533,-0.003506,0.007254,0.003178,-0.018306,-0.004236,-0.017084,1.000000,0.013710,0.005534,-0.006135,0.004956,-0.006138,0.019436,0.012586,-0.005775,0.015542,0.004662,0.013710,1.000000,-0.003112,0.008910,0.001926,-0.010297,0.003660,-0.011226,-0.004727,0.015358,-0.007102,0.005534,-0.003112,1.000000,-0.003321,0.001746,0.005476,0.003843,0.004582,-0.003477,0.018443,-0.001502,-0.006135,0.008910,-0.003321,1.000000,0.004053,-0.010475,-0.003642,0.006818,0.010317,-0.008429,0.001533,0.004956,0.001926,0.001746,0.004053,1.000000,-0.007150,0.011629,-0.022812,-0.011484,0.001240,-0.003506,-0.006138,-0.010297,0.005476,-0.010475,-0.007150,1.000000,-0.018041,-0.012784,0.006868,-0.010777,0.007254,0.019436,0.003660,0.003843,-0.003642,0.011629,-0.018041,1.000000,-0.000390,-0.000428,0.004390,0.003178,0.012586,-0.011226,0.004582,0.006818,-0.022812,-0.012784,-0.000390,1.000000,
1.000000,0.000550,0.001802,0.009646,-0.003417,0.007269,-0.006455,0.019158,0.005857,-0.000462,0.005876,-0.006786,0.000550,1.000000,0.004271,-0.017656,-0.002406,-0.007509,0.000851,-0.001415,0.005350,-0.004622,0.004557,0.000605,0.001802,0.004271,1.000000,-0.005983,-0.000177,-0.000573,0.007597,0.002061,0.011404,0.012489,0.014978,-0.000820,0.009646,-0.017656,-0.005983,1.000000,-0.008419,-0.013716,0.020162,0.007754,0.012046,0.015734,-0.001935,-0.004185,-0.003417,-0.002406,-0.000177,-0.008419,1.000000,0.003632,-0.011984,-0.007005,0.002183,0.011393,-0.008615,0.000202,0.007269,-0.007509,-0.000573,-0.013716,0.003632,1.000000,-0.003872,-0.010523,-0.014338,-0.017689,-0.009172,0.007775,-0.006455,0.000851,0.007597,0.020162,-0.011984,-0.003872,1.000000,-0.012157,0.003547,0.001464,-0.004874,0.006986,0.019158,-0.001415,0.002061,0.007754,-0.007005,-0.010523,-0.012157,1.000000,-0.010444,0.007981,0.010763,0.005604,0.005857,0.005350,0.011404,0.012046,0.002183,-0.014338,0.003547,-0.010444,1.000000,-0.009663,-0.011726,-0.001186,-0.000462,-0.004622,0.012489,0.015734,0.011393,-0.017689,0.001464,0.007981,-0.009663,1.000000,-0.007255,0.006006,0.005876,0.004557,0.014978,-0.001935,-0.008615,-0.009172,-0.004874,0.010763,-0.011726,-0.007255,1.000000,0.016013,-0.006786,0.000605,-0.000820,-0.004185,0.000202,0.007775,0.006986,0.005604,-0.001186,0.006006,0.016013,1.000000,
1.000000,0.014215,0.011379,-0.006554,0.022486,0.011700,-0.007520,-0.008215,-0.010990,-0.000800,0.020332,0.008868,-0.009019,0.014215,1.000000,-0.008790,0.002379,-0.005439,-0.009954,0.019765,-0.009193,0.003195,-0.002600,-0.018969,-0.003431,-0.027991,0.011379,-0.008790,1.000000,-0.010369,0.001056,0.000731,-0.007346,0.013190,0.015207,-0.002200,0.015354,0.002646,-0.010813,-0.006554,0.002379,-0.010369,1.000000,0.001679,-0.005452,0.011684,-0.002379,0.005985,-0.010200,-0.005299,-0.002299,0.000828,0.022486,-0.005439,0.001056,0.001679,1.000000,-0.004332,-0.005014,-0.005362,0.002574,0.000800,-0.001017,0.007824,-0.008151,0.011700,-0.009954,0.000731,-0.005452,-0.004332,1.000000,-0.018343,0.007954,0.003233,0.005401,0.005976,0.002019,-0.000062,-0.007520,0.019765,-0.007346,0.011684,-0.005014,-0.018343,1.000000,-0.002163,0.007375,0.000800,0.001379,0.001427,0.021051,-0.008215,-0.009193,0.013190,-0.002379,-0.005362,0.007954,-0.002163,1.000000,0.002805,-0.001800,-0.001432,-0.011770,0.021991,-0.010990,0.003195,0.015207,0.005985,0.002574,0.003233,0.007375,0.002805,1.000000,-0.002600,-0.005778,-0.005422,-0.003194,-0.000800,-0.002600,-0.002200,-0.010200,0.000800,0.005401,0.000800,-0.001800,-0.002600,1.000000,-0.006400,0.010001,0.005800,0.020332,-0.018969,0.015354,-0.005299,-0.001017,0.005976,0.001379,-0.001432,-0.005778,-0.006400,1.000000,0.024953,-0.004643,0.008868,-0.003431,0.002646,-0.002299,0.007824,0.002019,0.001427,-0.011770,-0.005422,0.010001,0.024953,1.000000,0.023843,-0.009019,-0.027991,-0.010813,0.000828,-0.008151,-0.000062,0.021051,0.021991,-0.003194,0.005800,-0.004643,0.023843,1.000000,
1.000000,0.007374,-0.006431,-0.015115,-0.005557,-0.001856,0.002311,-0.002773,-0.007000,0.002976,0.001109,0.006740,-0.005987,0.004027,0.007374,1.000000,-0.000632,0.001491,0.003845,-0.000458,0.011309,0.006628,-0.000000,-0.020825,0.014908,0.018938,-0.004187,0.001028,-0.006431,-0.000632,1.000000,-0.002293,-0.014748,0.006931,0.013092,-0.003967,-0.019800,0.019371,0.001087,0.003125,-0.009184,-0.003167,-0.015115,0.001491,-0.002293,1.000000,0.005851,-0.006807,0.005912,-0.009296,0.004601,0.003484,0.015121,-0.014191,-0.007246,0.006707,-0.005557,0.003845,-0.014748,0.005851,1.000000,-0.015305,-0.010249,-0.007647,0.004200,0.009042,-0.005045,-0.016297,-0.000822,0.001554,-0.001856,-0.000458,0.006931,-0.006807,-0.015305,1.000000,-0.010002,0.002261,0.002400,-0.014055,-0.012807,0.001264,0.024231,-0.000540,0.002311,0.011309,0.013092,0.005912,-0.010249,-0.010002,1.000000,0.003697,0.005401,-0.006287,0.015281,-0.007819,0.002047,0.007697,-0.002773,0.006628,-0.003967,-0.009296,-0.007647,0.002261,0.003697,1.000000,-0.002200,0.005426,0.003699,0.008867,-0.006414,-0.003629,-0.007000,-0.000000,-0.019800,0.004601,0.004200,0.002400,0.005401,-0.002200,1.000000,0.015200,-0.006201,-0.006200,-0.001800,-0.014600,0.002976,-0.020825,0.019371,0.003484,0.009042,-0.014055,-0.006287,0.005426,0.015200,1.000000,0.001713,-0.005059,-0.002988,-0.002974,0.001109,0.014908,0.001087,0.015121,-0.005045,-0.012807,0.015281,0.003699,-0.006201,0.001713,1.000000,-0.013425,0.010449,-0.027907,0.006740,0.018938,0.003125,-0.014191,-0.016297,0.001264,-0.007819,0.008867,-0.006200,-0.005059,-0.013425,1.000000,-0.006369,-0.008735,-0.005987,-0.004187,-0.009184,-0.007246,-0.000822,0.024231,0.002047,-0.006414,-0.001800,-0.002988,0.010449,-0.006369,1.000000,-0.008014,0.004027,0.001028,-0.003167,0.006707,0.001554,-0.000540,0.007697,-0.003629,-0.014600,-0.002974,-0.027907,-0.008735,-0.008014,1.000000,
1.000000,0.008540,-0.008346,0.002934,0.011542,-0.012267,-0.006351,0.015698,-0.003395,0.007730,-0.005071,-0.011411,0.002793,-0.024834,-0.000351,0.008540,1.000000,-0.026071,0.006267,0.015260,-0.001734,0.000750,0.014705,0.003796,-0.001729,0.000271,-0.005392,-0.000792,-0.002770,-0.010451,-0.008346,-0.026071,1.000000,-0.007966,0.001456,-0.003164,0.012527,0.003439,0.009310,-0.013580,0.008430,-0.000330,0.020902,0.003820,0.001830,0.002934,0.006267,-0.007966,1.000000,-0.006228,0.001169,0.001824,0.012647,0.013500,-0.019234,0.000766,0.003891,-0.013301,-0.011121,-0.011673,0.011542,0.015260,0.001456,-0.006228,1.000000,0.004572,-0.001979,0.007241,-0.009915,0.008170,-0.001430,-0.009120,-0.014290,0.002272,0.000536,-0.012267,-0.001734,-0.003164,0.001169,0.004572,1.000000,-0.006177,0.001046,-0.007304,0.011167,-0.022834,-0.003710,-0.015301,0.002081,-0.019674,-0.006351,0.000750,0.012527,0.001824,-0.001979,-0.006177,1.000000,0.002366,-0.002473,-0.006575,0.016226,0.001132,0.009475,-0.013062,0.006254,0.015698,0.014705,0.003439,0.012647,0.007241,0.001046,0.002366,1.000000,0.004658,-0.004151,0.011850,-0.019336,0.012747,-0.005119,-0.024098,-0.003395,0.003796,0.009310,0.013500,-0.009915,-0.007304,-0.002473,0.004658,1.000000,-0.001296,-0.001696,0.002119,-0.004295,0.013153,-0.017181,0.007730,-0.001729,-0.013580,-0.019234,0.008170,0.011167,-0.006575,-0.004151,-0.001296,1.000000,-0.005236,0.002698,0.009496,-0.003514,0.006324,-0.005071,0.000271,0.008430,0.000766,-0.001430,-0.022834,0.016226,0.011850,-0.001696,-0.005236,1.000000,0.014699,0.011496,-0.007114,0.007124,-0.011411,-0.005392,-0.000330,0.003891,-0.009120,-0.003710,0.001132,-0.019336,0.002119,0.002698,0.014699,1.000000,0.010488,-0.007635,-0.011195,0.002793,-0.000792,0.020902,-0.013301,-0.014290,-0.015301,0.009475,0.012747,-0.004295,0.009496,0.011496,0.010488,1.000000,-0.003748,0.004576,-0.024834,-0.002770,0.003820,-0.011121,0.002272,0.002081,-0.013062,-0.005119,0.013153,-0.003514,-0.007114,-0.007635,-0.003748,1.000000,0.002985,-0.000351,-0.010451,0.001830,-0.011673,0.000536,-0.019674,0.006254,-0.024098,-0.017181,0.006324,0.007124,-0.011195,0.004576,0.002985,1.000000,
1.000000,-0.003880,-0.008131,0.015445,-0.004759,0.004596,0.008887,0.007185,0.003102,-0.001369,0.006139,-0.001611,-0.002055,-0.000556,-0.009409,-0.010174,-0.003880,1.000000,0.003315,0.018029,-0.004104,-0.004803,0.003456,-0.015811,0.017267,-0.004380,0.011560,0.001393,0.009364,-0.005571,0.007594,0.008018,-0.008131,0.003315,1.000000,-0.012554,0.010832,-0.019006,-0.001108,0.001984,0.003909,0.012634,0.005734,-0.001212,0.005941,0.000647,0.009391,-0.006972,0.015445,0.018029,-0.012554,1.000000,0.002058,-0.016399,0.006969,0.001006,0.029565,0.003189,-0.001978,-0.002996,-0.003780,0.002384,0.014003,0.004790,-0.004759,-0.004104,0.010832,0.002058,1.000000,0.003595,0.000712,-0.013022,-0.007069,0.001640,-0.015683,0.004986,0.004128,0.014859,-0.006412,-0.013967,0.004596,-0.004803,-0.019006,-0.016399,0.003595,1.000000,-0.010997,-0.005001,-0.003196,0.009201,0.004798,0.020600,-0.001802,0.006402,-0.012000,-0.012399,0.008887,0.003456,-0.001108,0.006969,0.000712,-0.010997,1.000000,0.006811,-0.019073,-0.004622,0.001844,-0.001992,-0.012762,-0.005431,0.001806,-0.012219,0.007185,-0.015811,0.001984,0.001006,-0.013022,-0.005001,0.006811,1.000000,-0.003787,-0.016196,0.003792,-0.010801,-0.003607,-0.009394,-0.007801,0.002203,0.003102,0.017267,0.003909,0.029565,-0.007069,-0.003196,-0.019073,-0.003787,1.000000,-0.006826,-0.007949,-0.003391,-0.005354,0.012764,0.016008,-0.006022,-0.001369,-0.004380,0.012634,0.003189,0.001640,0.009201,-0.004622,-0.016196,-0.006826,1.000000,-0.010385,0.017403,0.004214,0.008789,-0.010398,0.000393,0.006139,0.011560,0.005734,-0.001978,-0.015683,0.004798,0.001844,0.003792,-0.007949,-0.010385,1.000000,-0.005806,0.004572,-0.005178,0.002796,-0.004387,-0.001611,0.001393,-0.001212,-0.002996,0.004986,0.020600,-0.001992,-0.010801,-0.003391,0.017403,-0.005806,1.000000,-0.016005,-0.007796,0.001399,0.005802,-0.002055,0.009364,0.005941,-0.003780,0.004128,-0.001802,-0.012762,-0.003607,-0.005354,0.004214,0.004572,-0.016005,1.000000,0.003820,-0.001804,0.009412,-0.000556,-0.005571,0.000647,0.002384,0.014859,0.006402,-0.005431,-0.009394,0.012764,0.008789,-0.005178,-0.007796,0.003820,1.000000,0.006403,0.029591,-0.009409,0.007594,0.009391,0.014003,-0.006412,-0.012000,0.001806,-0.007801,0.016008,-0.010398,0.002796,0.001399,-0.001804,0.006403,1.000000,0.016802,-0.010174,0.008018,-0.006972,0.004790,-0.013967,-0.012399,-0.012219,0.002203,-0.006022,0.000393,-0.004387,0.005802,0.009412,0.029591,0.016802,1.000000,
1.000000,0.017548,-0.009960,-0.004184,0.008844,0.010611,-0.006490,-0.008592,0.006776,0.004163,-0.007397,0.012597,0.004584,-0.004970,0.007047,0.002819,-0.003423,0.017548,1.000000,-0.017941,-0.010178,-0.018338,-0.009785,0.017872,-0.002588,-0.002835,-0.003455,0.004205,0.000995,0.006577,-0.024557,0.005069,0.009229,0.000167,-0.009960,-0.017941,1.000000,0.014583,0.002351,0.006988,-0.003900,0.013791,0.002827,-0.009758,0.014196,0.005804,-0.004982,-0.006634,0.016948,-0.002022,0.005026,-0.004184,-0.010178,0.014583,1.000000,-0.007819,0.011595,0.014640,-0.003204,0.001810,-0.003984,-0.001602,-0.002798,-0.014793,0.000787,-0.009621,-0.007808,0.010810,0.008844,-0.018338,0.002351,-0.007819,1.000000,-0.013413,0.010108,-0.008210,-0.007571,0.006245,-0.004204,0.018605,-0.000581,-0.005036,-0.016657,-0.024024,-0.010973,0.010611,-0.009785,0.006988,0.011595,-0.013413,1.000000,-0.001774,-0.001603,-0.005393,-0.002789,0.017599,0.002401,-0.002795,-0.020409,-0.020015,0.014194,-0.021193,-0.006490,0.017872,-0.003900,0.014640,0.010108,-0.001774,1.000000,0.001421,0.010742,-0.004292,-0.014193,0.012192,-0.013840,0.004675,0.010317,0.001248,-0.008657,-0.008592,-0.002588,0.013791,-0.003204,-0.008210,-0.001603,0.001421,1.000000,-0.011395,-0.023592,0.000399,0.004401,0.016004,-0.001207,-0.001611,-0.000604,0.002405,0.006776,-0.002835,0.002827,0.001810,-0.007571,-0.005393,0.010742,-0.011395,1.000000,-0.007025,0.000202,-0.017803,-0.003410,0.006220,-0.001769,-0.005987,0.010585,0.004163,-0.003455,-0.009758,-0.003984,0.006245,-0.002789,-0.004292,-0.023592,-0.007025,1.000000,0.012804,-0.005604,-0.003616,0.008831,-0.004752,-0.002580,0.023577,-0.007397,0.004205,0.014196,-0.001602,-0.004204,0.017599,-0.014193,0.000399,0.000202,0.012804,1.000000,-0.001200,0.000002,-0.003203,-0.002405,0.007798,0.000402,0.012597,0.000995,0.005804,-0.002798,0.018605,0.002401,0.012192,0.004401,-0.017803,-0.005604,-0.001200,1.000000,0.006798,-0.000797,-0.022396,0.002602,-0.014402,0.004584,0.006577,-0.004982,-0.014793,-0.000581,-0.002795,-0.013840,0.016004,-0.003410,-0.003616,0.000002,0.006798,1.000000,0.016413,-0.014780,0.017408,0.003990,-0.004970,-0.024557,-0.006634,0.000787,-0.005036,-0.020409,0.004675,-0.001207,0.006220,0.008831,-0.003203,-0.000797,0.016413,1.000000,-0.000039,-0.005016,0.016819,0.007047,0.005069,0.016948,-0.009621,-0.016657,-0.020015,0.010317,-0.001611,-0.001769,-0.004752,-0.002405,-0.022396,-0.014780,-0.000039,1.000000,0.011375,0.004430,0.002819,0.009229,-0.002022,-0.007808,-0.024024,0.014194,0.001248,-0.000604,-0.005987,-0.002580,0.007798,0.002602,0.017408,-0.005016,0.011375,1.000000,0.009012,-0.003423,0.000167,0.005026,0.010810,-0.010973,-0.021193,-0.008657,0.002405,0.010585,0.023577,0.000402,-0.014402,0.003990,0.016819,0.004430,0.009012,1.000000,
1.000000,0.009479,-0.002222,-0.005712,-0.006367,0.003520,-0.004821,-0.016772,0.002509,0.009290,-0.013155,0.003458,-0.013273,-0.005045,0.004775,-0.002295,0.018340,-0.005855,0.009479,1.000000,-0.016268,-0.004336,-0.000700,-0.002644,-0.011264,0.009686,-0.003274,-0.001735,0.010140,-0.008029,-0.013818,0.000066,-0.000477,0.005517,0.017020,-0.013568,-0.002222,-0.016268,1.000000,-0.007554,0.016618,0.010465,-0.003411,0.000215,-0.008849,0.000341,-0.002576,0.000831,0.015363,0.002376,-0.005414,0.003456,-0.008633,-0.000029,-0.005712,-0.004336,-0.007554,1.000000,0.032132,-0.000657,-0.015757,-0.008662,-0.012206,0.001841,0.009702,0.009477,-0.010447,-0.003104,-0.009346,0.003575,-0.003268,-0.003482,-0.006367,-0.000700,0.016618,0.032132,1.000000,0.001304,-0.000783,-0.001223,0.015076,-0.002510,0.009563,-0.010647,-0.000342,-0.002164,-0.005179,0.003115,0.012051,0.015045,0.003520,-0.002644,0.010465,-0.000657,0.001304,1.000000,0.005460,0.004919,-0.009338,0.015129,0.007268,0.012635,0.000408,-0.015073,-0.014528,0.012699,0.002379,-0.002241,-0.004821,-0.011264,-0.003411,-0.015757,-0.000783,0.005460,1.000000,-0.001186,-0.003046,0.001345,0.002423,0.013429,-0.000436,0.003378,0.000387,0.016055,-0.002031,0.005773,-0.016772,0.009686,0.000215,-0.008662,-0.001223,0.004919,-0.001186,1.000000,0.009864,0.006278,-0.002432,0.028162,0.010850,-0.008970,0.009618,-0.013274,0.014443,-0.014963,0.002509,-0.003274,-0.008849,-0.012206,0.015076,-0.009338,-0.003046,0.009864,1.000000,0.013756,-0.010099,-0.001472,-0.009161,-0.019302,-0.014658,0.000433,-0.001937,0.005479,0.009290,-0.001735,0.000341,0.001841,-0.002510,0.015129,0.001345,0.006278,0.013756,1.000000,0.001125,0.002957,-0.001595,-0.000922,-0.010271,-0.002715,-0.002768,0.009452,-0.013155,0.010140,-0.002576,0.009702,0.009563,0.007268,0.002423,-0.002432,-0.010099,0.001125,1.000000,-0.002265,0.006081,0.011851,-0.003171,-0.006519,-0.022332,0.009863,0.003458,-0.008029,0.000831,0.009477,-0.010647,0.012635,0.013429,0.028162,-0.001472,0.002957,-0.002265,1.000000,-0.008100,0.001263,0.014637,-0.019151,0.000286,-0.001523,-0.013273,-0.013818,0.015363,-0.010447,-0.000342,0.000408,-0.000436,0.010850,-0.009161,-0.001595,0.006081,-0.008100,1.000000,-0.010279,-0.004445,-0.002217,-0.010109,-0.003497,-0.005045,0.000066,0.002376,-0.003104,-0.002164,-0.015073,0.003378,-0.008970,-0.019302,-0.000922,0.011851,0.001263,-0.010279,1.000000,0.017373,-0.016488,-0.000267,0.001140,0.004775,-0.000477,-0.005414,-0.009346,-0.005179,-0.014528,0.000387,0.009618,-0.014658,-0.010271,-0.003171,0.014637,-0.004445,0.017373,1.000000,-0.014736,0.007162,-0.016635,-0.002295,0.005517,0.003456,0.003575,0.003115,0.012699,0.016055,-0.013274,0.000433,-0.002715,-0.006519,-0.019151,-0.002217,-0.016488,-0.014736,1.000000,-0.001443,-0.005660,0.018340,0.017020,-0.008633,-0.003268,0.012051,0.002379,-0.002031,0.014443,-0.001937,-0.002768,-0.022332,0.000286,-0.010109,-0.000267,0.007162,-0.001443,1.000000,0.006518,-0.005855,-0.013568,-0.000029,-0.003482,0.015045,-0.002241,0.005773,-0.014963,0.005479,0.009452,0.009863,-0.001523,-0.003497,0.001140,-0.016635,-0.005660,0.006518,1.000000,
1.000000,0.012198,-0.004221,-0.011131,0.005578,-0.003996,0.002810,-0.008003,-0.002422,0.005446,0.018815,0.004789,0.017381,-0.005580,-0.002600,0.007188,0.000799,-0.003240,0.019196,0.012198,1.000000,-0.004407,-0.012182,-0.002207,0.021401,-0.017797,0.015399,-0.012607,0.019217,-0.000995,0.000197,0.009594,0.012207,-0.004400,-0.012204,0.005400,-0.014614,0.003799,-0.004221,-0.004407,1.000000,0.018033,0.002931,0.004611,-0.007370,-0.005808,0.008932,-0.013865,0.010247,-0.013834,-0.010861,-0.005738,-0.005200,-0.004637,0.004199,0.004878,0.000989,-0.011131,-0.012182,0.018033,1.000000,-0.005360,-0.019647,-0.006510,0.008432,-0.000958,0.002516,-0.007367,-0.015888,0.002015,0.020989,-0.006603,0.001730,0.004808,0.003236,0.003241,0.005578,-0.002207,0.002931,-0.005360,1.000000,0.008012,-0.003967,-0.003609,0.010327,-0.000452,-0.011551,0.005564,-0.010266,-0.004333,0.007400,-0.002840,0.001198,-0.008934,-0.003212,-0.003996,0.021401,0.004611,-0.019647,0.008012,1.000000,-0.032006,0.010001,0.019613,-0.004625,0.002792,-0.000794,-0.008190,0.003989,-0.011000,0.007207,0.007200,0.015623,-0.000798,0.002810,-0.017797,-0.007370,-0.006510,-0.003967,-0.032006,1.000000,-0.002796,-0.013568,0.012137,0.003578,0.006016,0.001829,-0.004030,0.002200,0.016018,-0.023999,0.014860,-0.005195,-0.008003,0.015399,-0.005808,0.008432,-0.003609,0.010001,-0.002796,1.000000,0.003592,0.009419,0.004806,0.002396,0.010993,0.021608,-0.003800,0.014796,0.000400,-0.016017,-0.014001,-0.002422,-0.012607,0.008932,-0.000958,0.010327,0.019613,-0.013568,0.003592,1.000000,-0.012054,0.010050,-0.006036,-0.007066,0.006468,0.015801,-0.010440,0.009199,0.009869,0.025989,0.005446,0.019217,-0.013865,0.002516,-0.000452,-0.004625,0.012137,0.009419,-0.012054,1.000000,0.008502,0.005073,0.003331,-0.001534,-0.002800,-0.010523,0.015006,0.005266,0.029829,0.018815,-0.000995,0.010247,-0.007367,-0.011551,0.002792,0.003578,0.004806,0.010050,0.008502,1.000000,0.014025,-0.006556,-0.001245,0.000200,0.002027,0.006801,0.017292,0.002408,0.004789,0.000197,-0.013834,-0.015888,0.005564,-0.000794,0.006016,0.002396,-0.006036,0.005073,0.014025,1.000000,0.006168,-0.002367,0.009400,-0.007619,-0.007201,-0.016867,-0.002006,0.017381,0.009594,-0.010861,0.002015,-0.010266,-0.008190,0.001829,0.010993,-0.007066,0.003331,-0.006556,0.006168,1.000000,0.011060,-0.009600,-0.001835,-0.021402,0.000483,-0.006211,-0.005580,0.012207,-0.005738,0.020989,-0.004333,0.003989,-0.004030,0.021608,0.006468,-0.001534,-0.001245,-0.002367,0.011060,1.000000,-0.009000,-0.009965,0.004802,-0.009481,0.007611,-0.002600,-0.004400,-0.005200,-0.006603,0.007400,-0.011000,0.002200,-0.003800,0.015801,-0.002800,0.000200,0.009400,-0.009600,-0.009000,1.000000,-0.002200,0.000600,-0.001400,0.007400,0.007188,-0.012204,-0.004637,0.001730,-0.002840,0.007207,0.016018,0.014796,-0.010440,-0.010523,0.002027,-0.007619,-0.001835,-0.009965,-0.002200,1.000000,-0.004001,-0.014073,-0.000406,0.000799,0.005400,0.004199,0.004808,0.001198,0.007200,-0.023999,0.000400,0.009199,0.015006,0.006801,-0.007201,-0.021402,0.004802,0.000600,-0.004001,1.000000,0.013599,-0.009600,-0.003240,-0.014614,0.004878,0.003236,-0.008934,0.015623,0.014860,-0.016017,0.009869,0.005266,0.017292,-0.016867,0.000483,-0.009481,-0.001400,-0.014073,0.013599,1.000000,0.010780,0.019196,0.003799,0.000989,0.003241,-0.003212,-0.000798,-0.005195,-0.014001,0.025989,0.029829,0.002408,-0.002006,-0.006211,0.007611,0.007400,-0.000406,-0.009600,0.010780,1.000000,
1.000000,-0.008814,0.009842,0.003562,-0.007194,0.007268,-0.007250,-0.005457,-0.004584,0.003055,0.013813,-0.019286,-0.000400,-0.006555,-0.007945,0.005746,-0.000727,-0.014590,-0.009616,0.000572,-0.008814,1.000000,0.003824,-0.012023,0.005603,-0.002361,-0.012030,-0.005033,0.000610,-0.022570,0.005007,0.003152,-0.014000,-0.006974,-0.003568,0.009769,0.019245,-0.024594,-0.001609,-0.001016,0.009842,0.003824,1.000000,-0.001731,0.002590,-0.003121,0.007490,0.013703,0.013171,0.023904,-0.009223,0.003549,-0.014201,-0.017682,0.012102,0.005699,-0.003531,0.003981,0.007028,-0.025151,0.003562,-0.012023,-0.001731,1.000000,0.018810,0.003312,0.013518,0.000906,0.011828,0.005092,-0.016580,-0.000538,-0.013600,-0.001725,-0.011508,-0.003091,0.007723,0.012218,-0.000426,-0.006647,-0.007194,0.005603,0.002590,0.018810,1.000000,-0.020019,0.025614,0.013015,-0.005804,-0.007814,0.003397,0.020824,-0.001600,0.005389,-0.004414,-0.007387,0.001182,0.003397,0.006004,0.013807,0.007268,-0.002361,-0.003121,0.003312,-0.020019,1.000000,-0.008656,0.002366,-0.005048,-0.011962,0.004564,-0.006161,-0.002400,-0.002732,0.007039,0.001560,0.005788,0.004570,0.004845,-0.015321,-0.007250,-0.012030,0.007490,0.013518,0.025614,-0.008656,1.000000,0.019280,0.001435,-0.005682,-0.011374,0.003822,-0.002000,0.006298,0.000921,0.001282,-0.011444,0.013024,-0.007234,0.002940,-0.005457,-0.005033,0.013703,0.000906,0.013015,0.002366,0.019280,1.000000,-0.010761,0.004935,-0.001969,0.017201,0.006600,-0.000289,-0.000863,-0.008136,0.006781,0.003626,-0.003838,-0.005669,-0.004584,0.000610,0.013171,0.011828,-0.005804,-0.005048,0.001435,-0.010761,1.000000,0.008762,-0.000009,0.002259,-0.005800,-0.011233,-0.018641,0.022840,0.014150,-0.013208,0.001811,0.000820,0.003055,-0.022570,0.023904,0.005092,-0.007814,-0.011962,-0.005682,0.004935,0.008762,1.000000,0.003571,0.005597,-0.012201,-0.004508,-0.027136,0.000930,-0.002374,0.002775,-0.004564,-0.001134,0.013813,0.005007,-0.009223,-0.016580,0.003397,0.004564,-0.011374,-0.001969,-0.000009,0.003571,1.000000,0.001445,0.005800,-0.010025,0.000170,0.014431,-0.013041,-0.019206,-0.014192,-0.008385,-0.019286,0.003152,0.003549,-0.000538,0.020824,-0.006161,0.003822,0.017201,0.002259,0.005597,0.001445,1.000000,-0.008801,0.002362,-0.020205,0.000004,-0.006540,-0.000162,-0.016858,-0.005101,-0.000400,-0.014000,-0.014201,-0.013600,-0.001600,-0.002400,-0.002000,0.006600,-0.005800,-0.012201,0.005800,-0.008801,1.000000,-0.005400,-0.011601,-0.011401,0.013602,0.023400,-0.002400,-0.019800,-0.006555,-0.006974,-0.017682,-0.001725,0.005389,-0.002732,0.006298,-0.000289,-0.011233,-0.004508,-0.010025,0.002362,-0.005400,1.000000,0.000491,0.007308,0.017260,0.007580,0.009031,0.016055,-0.007945,-0.003568,0.012102,-0.011508,-0.004414,0.007039,0.000921,-0.000863,-0.018641,-0.027136,0.000170,-0.020205,-0.011601,0.000491,1.000000,-0.010069,-0.005777,-0.009826,-0.012764,0.012668,0.005746,0.009769,0.005699,-0.003091,-0.007387,0.001560,0.001282,-0.008136,0.022840,0.000930,0.014431,0.000004,-0.011401,0.007308,-0.010069,1.000000,0.008775,-0.027577,0.010964,-0.017268,-0.000727,0.019245,-0.003531,0.007723,0.001182,0.005788,-0.011444,0.006781,0.014150,-0.002374,-0.013041,-0.006540,0.013602,0.017260,-0.005777,0.008775,1.000000,-0.014635,-0.010753,0.001488,-0.014590,-0.024594,0.003981,0.012218,0.003397,0.004570,0.013024,0.003626,-0.013208,0.002775,-0.019206,-0.000162,0.023400,0.007580,-0.009826,-0.027577,-0.014635,1.000000,0.007807,-0.015188,-0.009616,-0.001609,0.007028,-0.000426,0.006004,0.004845,-0.007234,-0.003838,0.001811,-0.004564,-0.014192,-0.016858,-0.002400,0.009031,-0.012764,0.010964,-0.010753,0.007807,1.000000,-0.008219,0.000572,-0.001016,-0.025151,-0.006647,0.013807,-0.015321,0.002940,-0.005669,0.000820,-0.001134,-0.008385,-0.005101,-0.019800,0.016055,0.012668,-0.017268,0.001488,-0.015188,-0.008219,1.000000,
1.000000,0.002719,-0.003972,-0.003493,-0.000684,-0.014003,0.011650,-0.021733,-0.003136,-0.017139,0.001664,0.017533,-0.003730,0.002433,0.001624,-0.012434,-0.001703,0.006139,-0.004684,0.012307,0.005545,0.002719,1.000000,0.002572,0.003691,-0.003518,-0.012199,0.008561,-0.014474,0.018539,0.004535,0.002538,-0.001733,0.000731,-0.002633,-0.001027,-0.000568,0.000305,0.005661,0.001282,0.003097,-0.013747,-0.003972,0.002572,1.000000,-0.004578,-0.003380,-0.010000,-0.006660,-0.003170,-0.008015,0.002632,0.005985,0.000816,0.002183,0.007992,0.001842,-0.003592,0.018178,-0.002985,0.002620,-0.005425,-0.000387,-0.003493,0.003691,-0.004578,1.000000,-0.005264,-0.014602,0.011391,-0.007100,-0.001751,0.015098,-0.011752,0.006548,0.019655,0.018626,0.009467,0.006575,0.002474,0.005953,-0.004464,-0.003920,0.004958,-0.000684,-0.003518,-0.003380,-0.005264,1.000000,-0.000602,0.010173,-0.009091,-0.006156,0.003906,-0.013757,-0.007447,-0.004752,0.007423,-0.013724,0.005377,0.011668,-0.003243,-0.007658,-0.022329,0.005762,-0.014003,-0.012199,-0.010000,-0.014602,-0.000602,1.000000,0.002605,0.008798,0.006401,0.000998,-0.007599,-0.009201,-0.005799,-0.023200,0.016999,-0.008001,0.017002,0.007399,0.021399,0.007802,0.010399,0.011650,0.008561,-0.006660,0.011391,0.010173,0.002605,1.000000,-0.005938,0.002871,0.002279,-0.015934,0.004740,-0.003744,-0.002668,0.014764,-0.015337,-0.007399,0.004927,0.007772,0.005787,-0.009290,-0.021733,-0.014474,-0.003170,-0.007100,-0.009091,0.008798,-0.005938,1.000000,-0.013533,0.007655,0.007669,0.007928,-0.006925,-0.004365,-0.020793,0.014366,0.003504,-0.033869,-0.006690,-0.008488,-0.001659,-0.003136,0.018539,-0.008015,-0.001751,-0.006156,0.006401,0.002871,-0.013533,1.000000,-0.012129,-0.007634,0.015237,-0.001437,0.004783,-0.000507,0.016418,0.002949,-0.008968,-0.003356,-0.014257,-0.011571,-0.017139,0.004535,0.002632,0.015098,0.003906,0.000998,0.002279,0.007655,-0.012129,1.000000,-0.000928,0.010924,0.000079,-0.003763,0.006603,0.004163,0.020111,0.003931,0.013907,-0.006682,-0.002262,0.001664,0.002538,0.005985,-0.011752,-0.013757,-0.007599,-0.015934,0.007669,-0.007634,-0.000928,1.000000,-0.004764,-0.001837,-0.012418,-0.004108,-0.027183,-0.005051,0.005433,-0.001356,-0.009856,0.024830,0.017533,-0.001733,0.000816,0.006548,-0.007447,-0.009201,0.004740,0.007928,0.015237,0.010924,-0.004764,1.000000,-0.007361,0.009219,-0.002300,-0.010819,0.011455,0.001365,0.010553,0.006260,-0.004431,-0.003730,0.000731,0.002183,0.019655,-0.004752,-0.005799,-0.003744,-0.006925,-0.001437,0.000079,-0.001837,-0.007361,1.000000,-0.004219,-0.010699,-0.016581,0.019145,-0.011965,-0.004752,0.011539,-0.006968,0.002433,-0.002633,0.007992,0.018626,0.007423,-0.023200,-0.002668,-0.004365,0.004783,-0.003763,-0.012418,0.009219,-0.004219,1.000000,0.012250,-0.001591,0.001374,-0.006583,-0.004177,-0.000229,-0.003185,0.001624,-0.001027,0.001842,0.009467,-0.013724,0.016999,0.014764,-0.020793,-0.000507,0.006603,-0.004108,-0.002300,-0.010699,0.012250,1.000000,0.014154,0.024545,-0.011291,0.001479,0.009355,-0.009881,-0.012434,-0.000568,-0.003592,0.006575,0.005377,-0.008001,-0.015337,0.014366,0.016418,0.004163,-0.027183,-0.010819,-0.016581,-0.001591,0.014154,1.000000,-0.006574,-0.003417,0.006977,-0.000971,0.005985,-0.001703,0.000305,0.018178,0.002474,0.011668,0.017002,-0.007399,0.003504,0.002949,0.020111,-0.005051,0.011455,0.019145,0.001374,0.024545,-0.006574,1.000000,0.004050,0.032069,-0.007285,0.008244,0.006139,0.005661,-0.002985,0.005953,-0.003243,0.007399,0.004927,-0.033869,-0.008968,0.003931,0.005433,0.001365,-0.011965,-0.006583,-0.011291,-0.003417,0.004050,1.000000,-0.011643,0.009654,0.004572,-0.004684,0.001282,0.002620,-0.004464,-0.007658,0.021399,0.007772,-0.006690,-0.003356,0.013907,-0.001356,0.010553,-0.004752,-0.004177,0.001479,0.006977,0.032069,-0.011643,1.000000,-0.014728,0.004562,0.012307,0.003097,-0.005425,-0.003920,-0.022329,0.007802,0.005787,-0.008488,-0.014257,-0.006682,-0.009856,0.006260,0.011539,-0.000229,0.009355,-0.000971,-0.007285,0.009654,-0.014728,1.000000,0.007048,0.005545,-0.013747,-0.000387,0.004958,0.005762,0.010399,-0.009290,-0.001659,-0.011571,-0.002262,0.024830,-0.004431,-0.006968,-0.003185,-0.009881,0.005985,0.008244,0.004572,0.004562,0.007048,1.000000,
1.000000,0.002855,-0.005186,-0.004185,0.001970,-0.005314,-0.000822,0.014512,0.005012,0.001658,-0.001404,-0.005227,0.006803,0.015009,-0.000710,0.003598,0.006142,0.011286,-0.007979,-0.017820,0.017991,0.012436,0.002855,1.000000,0.006752,-0.003852,0.001704,-0.000019,-0.019126,0.000513,0.001359,0.006205,0.014215,0.001293,0.004790,-0.005030,-0.011433,-0.001595,0.000399,0.005319,-0.001271,0.001068,-0.013969,0.015882,-0.005186,0.006752,1.000000,0.008986,-0.008773,-0.000299,-0.011580,-0.012921,-0.004211,-0.002052,0.005804,0.000024,0.010397,0.016992,0.003100,-0.007199,-0.005748,0.022730,-0.005619,-0.013782,-0.017992,0.011169,-0.004185,-0.003852,0.008986,1.000000,0.004629,0.010711,0.016622,-0.011516,0.002389,-0.005055,-0.003996,0.004626,0.002197,0.000792,0.001705,-0.015799,0.015257,0.018125,0.005780,-0.001981,0.001409,-0.009834,0.001970,0.001704,-0.008773,0.004629,1.000000,-0.017020,-0.010843,-0.010378,0.005023,-0.017493,-0.001808,-0.001652,-0.009194,-0.006583,-0.007211,0.005597,-0.005512,0.002959,-0.000360,0.017763,-0.016419,-0.006734,-0.005314,-0.000019,-0.000299,0.010711,-0.017020,1.000000,-0.004959,0.010763,0.008687,-0.006800,0.007375,-0.021799,-0.001578,0.008265,0.012242,-0.010015,-0.003411,-0.006622,-0.001455,0.000460,-0.007670,0.003048,-0.000822,-0.019126,-0.011580,0.016622,-0.010843,-0.004959,1.000000,-0.013533,-0.001783,-0.006720,-0.008206,0.004362,0.003205,0.012213,-0.003955,-0.008402,-0.014284,0.005718,-0.009171,-0.003828,0.006787,0.006050,0.014512,0.000513,-0.012921,-0.011516,-0.010378,0.010763,-0.013533,1.000000,0.006871,0.008534,0.005979,-0.016761,-0.008984,-0.001950,-0.021044,-0.008211,0.015670,-0.008526,-0.005282,-0.007317,0.000945,0.007205,0.005012,0.001359,-0.004211,0.002389,0.005023,0.008687,-0.001783,0.006871,1.000000,-0.005844,-0.010797,-0.004180,0.005798,0.010393,-0.001518,0.012601,0.008845,-0.026268,0.006185,-0.013185,-0.002993,-0.009827,0.001658,0.006205,-0.002052,-0.005055,-0.017493,-0.006800,-0.006720,0.008534,-0.005844,1.000000,-0.004186,-0.001902,-0.005212,-0.007432,0.009799,-0.012796,-0.003991,0.002101,-0.002475,0.010673,0.014836,0.003474,-0.001404,0.014215,0.005804,-0.003996,-0.001808,0.007375,-0.008206,0.005979,-0.010797,-0.004186,1.000000,0.006993,-0.011799,0.014402,0.018380,-0.014200,-0.013616,0.014224,0.003405,-0.005605,-0.019002,-0.002191,-0.005227,0.001293,0.000024,0.004626,-0.001652,-0.021799,0.004362,-0.016761,-0.004180,-0.001902,0.006993,1.000000,-0.004395,-0.018186,0.000414,0.009598,0.013702,-0.009061,-0.019965,0.006166,-0.001616,-0.001140,0.006803,0.004790,0.010397,0.002197,-0.009194,-0.001578,0.003205,-0.008984,0.005798,-0.005212,-0.011799,-0.004395,1.000000,0.007798,0.002223,0.003600,0.002612,-0.012019,0.015196,-0.002196,0.000002,-0.001607,0.015009,-0.005030,0.016992,0.000792,-0.006583,0.008265,0.012213,-0.001950,0.010393,-0.007432,0.014402,-0.018186,0.007798,1.000000,0.016467,-0.020199,-0.014769,0.007356,-0.000211,-0.004789,-0.001795,0.007381,-0.000710,-0.011433,0.003100,0.001705,-0.007211,0.012242,-0.003955,-0.021044,-0.001518,0.009799,0.018380,0.000414,0.002223,0.016467,1.000000,-0.005013,-0.016408,0.003172,0.002343,0.013068,0.002935,0.001242,0.003598,-0.001595,-0.007199,-0.015799,0.005597,-0.010015,-0.008402,-0.008211,0.012601,-0.012796,-0.014200,0.009598,0.003600,-0.020199,-0.005013,1.000000,-0.008207,-0.008794,-0.000398,0.008198,0.000399,0.007604,0.006142,0.000399,-0.005748,0.015257,-0.005512,-0.003411,-0.014284,0.015670,0.008845,-0.003991,-0.013616,0.013702,0.002612,-0.014769,-0.016408,-0.008207,1.000000,-0.006698,-0.016526,-0.000073,-0.012636,0.009530,0.011286,0.005319,0.022730,0.018125,0.002959,-0.006622,0.005718,-0.008526,-0.026268,0.002101,0.014224,-0.009061,-0.012019,0.007356,0.003172,-0.008794,-0.006698,1.000000,0.009094,-0.005297,0.003251,-0.016587,-0.007979,-0.001271,-0.005619,0.005780,-0.000360,-0.001455,-0.009171,-0.005282,0.006185,-0.002475,0.003405,-0.019965,0.015196,-0.000211,0.002343,-0.000398,-0.016526,0.009094,1.000000,0.003026,-0.007188,-0.004446,-0.017820,0.001068,-0.013782,-0.001981,0.017763,0.000460,-0.003828,-0.007317,-0.013185,0.010673,-0.005605,0.006166,-0.002196,-0.004789,0.013068,0.008198,-0.000073,-0.005297,0.003026,1.000000,-0.010212,-0.002956,0.017991,-0.013969,-0.017992,0.001409,-0.016419,-0.007670,0.006787,0.000945,-0.002993,0.014836,-0.019002,-0.001616,0.000002,-0.001795,0.002935,0.000399,-0.012636,0.003251,-0.007188,-0.010212,1.000000,-0.010779,0.012436,0.015882,0.011169,-0.009834,-0.006734,0.003048,0.006050,0.007205,-0.009827,0.003474,-0.002191,-0.001140,-0.001607,0.007381,0.001242,0.007604,0.009530,-0.016587,-0.004446,-0.002956,-0.010779,1.000000,
1.000000,0.006412,0.007785,-0.005622,0.003444,-0.013598,0.012985,0.003175,-0.007576,-0.003011,0.009413,0.006411,0.006010,-0.005592,-0.011022,-0.017179,-0.000406,-0.014804,-0.006808,0.002397,-0.000811,0.018014,0.008599,0.006412,1.000000,0.006247,-0.025137,-0.007130,0.011993,-0.013754,0.018876,0.003926,-0.003368,0.010563,-0.005634,0.000371,0.008376,0.009464,0.000333,0.014017,-0.002388,-0.006776,-0.001590,0.010034,0.017560,-0.001796,0.007785,0.006247,1.000000,0.017717,0.002968,-0.008191,-0.002061,0.012905,-0.017705,0.006758,-0.016752,0.010244,-0.020163,0.015832,-0.008483,-0.007713,-0.009822,-0.013016,0.011769,0.002188,-0.012644,0.009054,-0.005605,-0.005622,-0.025137,0.017717,1.000000,0.000431,0.022414,0.003316,-0.005335,-0.003867,0.008142,-0.022535,-0.007140,-0.013149,-0.001957,-0.004315,0.000121,0.013971,0.008379,0.009157,0.000383,-0.007661,-0.015128,-0.015807,0.003444,-0.007130,0.002968,0.000431,1.000000,0.014578,-0.011436,-0.011938,0.002335,0.001716,0.005469,-0.004321,0.010900,0.009317,0.011830,-0.012843,-0.020145,-0.007759,-0.005316,-0.008968,0.003521,0.008057,-0.000387,-0.013598,0.011993,-0.008191,0.022414,0.014578,1.000000,0.004209,0.010416,0.007986,0.002607,0.010593,-0.007607,-0.007206,0.000795,0.005013,-0.010814,-0.014397,-0.001198,-0.007995,-0.002798,-0.003593,-0.009208,-0.025799,0.012985,-0.013754,-0.002061,0.003316,-0.011436,0.004209,1.000000,-0.005497,0.000297,0.001558,0.015649,0.003844,0.002638,0.014232,0.008718,0.001888,0.018579,-0.002616,0.005769,0.001788,0.009357,-0.003747,0.007196,0.003175,0.018876,0.012905,-0.005335,-0.011938,0.010416,-0.005497,1.000000,0.002954,0.001333,-0.001723,-0.000331,0.010860,-0.000750,-0.013933,0.011741,-0.014436,-0.014426,-0.016851,0.007581,0.001531,-0.000716,-0.011008,-0.007576,0.003926,-0.017705,-0.003867,0.002335,0.007986,0.000297,0.002954,1.000000,0.011068,0.010524,0.009531,-0.013261,0.002751,0.000331,-0.010140,0.000835,0.002825,-0.013952,-0.005181,0.003670,0.005916,0.009008,-0.003011,-0.003368,0.006758,0.008142,0.001716,0.002607,0.001558,0.001333,0.011068,1.000000,-0.006767,-0.010970,0.014226,-0.002178,0.011144,-0.003340,0.010985,-0.009011,-0.007422,-0.002209,-0.002630,0.012237,0.014797,0.009413,0.010563,-0.016752,-0.022535,0.005469,0.010593,0.015649,-0.001723,0.010524,-0.006767,1.000000,-0.001835,0.001370,0.013376,0.020867,0.001731,-0.010183,0.003812,0.004625,0.000610,-0.010566,-0.013443,-0.014397,0.006411,-0.005634,0.010244,-0.007140,-0.004321,-0.007607,0.003844,-0.000331,0.009531,-0.010970,-0.001835,1.000000,0.010373,0.007578,-0.006141,-0.006863,-0.001584,0.008811,0.010423,0.003609,0.004832,0.012362,0.004603,0.006010,0.000371,-0.020163,-0.013149,0.010900,-0.007206,0.002638,0.010860,-0.013261,0.014226,0.001370,0.010373,1.000000,0.000781,-0.014150,-0.002854,0.001613,-0.002390,-0.006381,0.005208,-0.000773,0.006368,-0.011797,-0.005592,0.008376,0.015832,-0.001957,0.009317,0.000795,0.014232,-0.000750,0.002751,-0.002178,0.013376,0.007578,0.000781,1.000000,0.007043,0.004756,-0.018789,0.009208,-0.001184,0.010807,0.008423,0.006773,0.006202,-0.011022,0.009464,-0.008483,-0.004315,0.011830,0.005013,0.008718,-0.013933,0.000331,0.011144,0.020867,-0.006141,-0.014150,0.007043,1.000000,-0.009282,0.010171,0.000579,-0.009443,0.007383,-0.007460,0.003472,0.004394,-0.017179,0.000333,-0.007713,0.000121,-0.012843,-0.010814,0.001888,0.011741,-0.010140,-0.003340,0.001731,-0.006863,-0.002854,0.004756,-0.009282,1.000000,-0.011569,0.002023,-0.014356,0.009619,-0.001937,-0.002476,-0.008194,-0.000406,0.014017,-0.009822,0.013971,-0.020145,-0.014397,0.018579,-0.014436,0.000835,0.010985,-0.010183,-0.001584,0.001613,-0.018789,0.010171,-0.011569,1.000000,0.012794,0.007189,-0.001604,0.022385,0.012419,0.017798,-0.014804,-0.002388,-0.013016,0.008379,-0.007759,-0.001198,-0.002616,-0.014426,0.002825,-0.009011,0.003812,0.008811,-0.002390,0.009208,0.000579,0.002023,0.012794,1.000000,-0.016008,0.003197,0.001989,-0.014387,0.000999,-0.006808,-0.006776,0.011769,0.009157,-0.005316,-0.007995,0.005769,-0.016851,-0.013952,-0.007422,0.004625,0.010423,-0.006381,-0.001184,-0.009443,-0.014356,0.007189,-0.016008,1.000000,0.007594,0.002778,0.016028,-0.016603,0.002397,-0.001590,0.002188,0.000383,-0.008968,-0.002798,0.001788,0.007581,-0.005181,-0.002209,0.000610,0.003609,0.005208,0.010807,0.007383,0.009619,-0.001604,0.003197,0.007594,1.000000,-0.003609,0.008811,-0.010601,-0.000811,0.010034,-0.012644,-0.007661,0.003521,-0.003593,0.009357,0.001531,0.003670,-0.002630,-0.010566,0.004832,-0.000773,0.008423,-0.007460,-0.001937,0.022385,0.001989,0.002778,-0.003609,1.000000,0.002438,-0.018604,0.018014,0.017560,0.009054,-0.015128,0.008057,-0.009208,-0.003747,-0.000716,0.005916,0.012237,-0.013443,0.012362,0.006368,0.006773,0.003472,-0.002476,0.012419,-0.014387,0.016028,0.008811,0.002438,1.000000,0.002204,0.008599,-0.001796,-0.005605,-0.015807,-0.000387,-0.025799,0.007196,-0.011008,0.009008,0.014797,-0.014397,0.004603,-0.011797,0.006202,0.004394,-0.008194,0.017798,0.000999,-0.016603,-0.010601,-0.018604,0.002204,1.000000,
1.000000,-0.006175,-0.000752,-0.006455,0.004835,0.003374,0.003903,0.004981,-0.010989,0.002536,-0.010696,-0.002803,-0.001488,0.017790,0.003933,0.000354,-0.002994,-0.026769,-0.001534,-0.013643,0.001895,0.007960,0.000727,-0.003337,-0.006175,1.000000,0.009616,-0.004195,0.000196,-0.019019,0.004210,-0.023420,-0.001601,-0.007814,-0.005591,0.019622,0.006230,0.004001,0.000387,0.010026,-0.000401,-0.002604,0.002993,-0.015396,-0.004010,0.001804,0.002207,0.009994,-0.000752,0.009616,1.000000,0.026169,0.011422,0.003906,0.015341,0.005510,-0.004393,-0.011718,0.001542,-0.008524,0.011228,0.005993,-0.000319,0.011052,-0.005196,-0.000579,-0.001760,-0.004625,-0.003143,-0.003425,-0.007845,-0.000762,-0.006455,-0.004195,0.026169,1.000000,0.005208,-0.003563,0.004779,-0.007162,-0.016597,-0.000771,0.007780,-0.006244,0.006739,-0.012203,-0.006572,-0.002653,0.017001,-0.000793,-0.017986,0.010791,0.011421,0.002791,-0.019616,-0.024187,0.004835,0.000196,0.011422,0.005208,1.000000,0.003976,0.006414,-0.004425,-0.011402,-0.003219,0.011813,0.012629,-0.014762,0.012602,-0.001019,0.009836,0.018999,0.001195,0.010391,0.000806,0.007387,0.013606,0.013610,0.004591,0.003374,-0.019019,0.003906,-0.003563,0.003976,1.000000,-0.013933,-0.004126,-0.015010,-0.005695,-0.010935,0.002341,0.013803,-0.011392,-0.020694,0.011974,0.006196,0.007176,0.002754,0.005229,-0.007867,-0.004372,0.000051,-0.004644,0.003903,0.004210,0.015341,0.004779,0.006414,-0.013933,1.000000,0.002071,-0.006195,-0.023948,-0.000637,0.011722,-0.016116,-0.011005,-0.012549,-0.007898,0.010603,0.011214,-0.010774,0.008784,-0.010963,-0.001216,0.003572,-0.000575,0.004981,-0.023420,0.005510,-0.007162,-0.004425,-0.004126,0.002071,1.000000,-0.003009,0.016304,-0.007732,0.024349,-0.000193,0.013810,0.010905,-0.014425,-0.019806,0.001575,0.004352,0.002030,0.018133,-0.003571,-0.016749,-0.009446,-0.010989,-0.001601,-0.004393,-0.016597,-0.011402,-0.015010,-0.006195,-0.003009,1.000000,-0.002607,-0.011995,-0.003190,-0.004186,0.022801,0.018794,0.006413,-0.001600,-0.013002,0.006197,-0.010198,0.022396,0.007402,-0.013796,-0.004803,0.002536,-0.007814,-0.011718,-0.000771,-0.003219,-0.005695,-0.023948,0.016304,-0.002607,1.000000,-0.009749,0.005911,0.007758,0.015007,0.009728,-0.003266,0.002997,-0.004819,-0.012837,0.008023,0.006149,0.000822,0.011240,0.014566,-0.010696,-0.005591,0.001542,0.007780,0.011813,-0.010935,-0.000637,-0.007732,-0.011995,-0.009749,1.000000,-0.001677,-0.031515,0.012795,-0.007550,0.005907,0.015203,-0.004987,0.013826,-0.006216,-0.014365,-0.001016,-0.002228,-0.016376,-0.002803,0.019622,-0.008524,-0.006244,0.012629,0.002341,0.011722,0.024349,-0.003190,0.005911,-0.001677,1.000000,0.017971,-0.001210,-0.004293,0.008202,0.002805,-0.000572,0.000254,0.008567,-0.000723,0.004967,0.004542,0.008452,-0.001488,0.006230,0.011228,0.006739,-0.014762,0.013803,-0.016116,-0.000193,-0.004186,0.007758,-0.031515,0.017971,1.000000,0.006587,-0.021651,-0.020490,0.015410,-0.009962,-0.003524,0.006354,-0.002891,0.007554,0.006717,0.025877,0.017790,0.004001,0.005993,-0.012203,0.012602,-0.011392,-0.011005,0.013810,0.022801,0.015007,0.012795,-0.001210,0.006587,1.000000,0.006007,-0.002413,-0.005600,-0.001398,-0.014997,-0.006602,-0.001995,-0.016202,0.007396,-0.009597,0.003933,0.000387,-0.000319,-0.006572,-0.001019,-0.020694,-0.012549,0.010905,0.018794,0.009728,-0.007550,-0.004293,-0.021651,0.006007,1.000000,0.011733,-0.005604,-0.004619,-0.009836,-0.009379,0.020351,-0.008979,-0.001361,-0.006034,0.000354,0.010026,0.011052,-0.002653,0.009836,0.011974,-0.007898,-0.014425,0.006413,-0.003266,0.005907,0.008202,-0.020490,-0.002413,0.011733,1.000000,-0.013195,0.005035,0.000266,-0.000641,0.011295,-0.005041,0.002529,0.006463,-0.002994,-0.000401,-0.005196,0.017001,0.018999,0.006196,0.010603,-0.019806,-0.001600,0.002997,0.015203,0.002805,0.015410,-0.005600,-0.005604,-0.013195,1.000000,0.008199,0.007798,-0.011399,-0.000002,-0.010999,-0.004598,-0.007202,-0.026769,-0.002604,-0.000579,-0.000793,0.001195,0.007176,0.011214,0.001575,-0.013002,-0.004819,-0.004987,-0.000572,-0.009962,-0.001398,-0.004619,0.005035,0.008199,1.000000,-0.003609,-0.001194,-0.006613,-0.011594,-0.004790,-0.013009,-0.001534,0.002993,-0.001760,-0.017986,0.010391,0.002754,-0.010774,0.004352,0.006197,-0.012837,0.013826,0.000254,-0.003524,-0.014997,-0.009836,0.000266,0.007798,-0.003609,1.000000,-0.002789,-0.012626,0.006011,0.014020,-0.020217,-0.013643,-0.015396,-0.004625,0.010791,0.000806,0.005229,0.008784,0.002030,-0.010198,0.008023,-0.006216,0.008567,0.006354,-0.006602,-0.009379,-0.000641,-0.011399,-0.001194,-0.002789,1.000000,-0.000184,-0.010807,0.014788,-0.006590,0.001895,-0.004010,-0.003143,0.011421,0.007387,-0.007867,-0.010963,0.018133,0.022396,0.006149,-0.014365,-0.000723,-0.002891,-0.001995,0.020351,0.011295,-0.000002,-0.006613,-0.012626,-0.000184,1.000000,0.012216,-0.001372,0.009976,0.007960,0.001804,-0.003425,0.002791,0.013606,-0.004372,-0.001216,-0.003571,0.007402,0.000822,-0.001016,0.004967,0.007554,-0.016202,-0.008979,-0.005041,-0.010999,-0.011594,0.006011,-0.010807,0.012216,1.000000,-0.002812,0.017411,0.000727,0.002207,-0.007845,-0.019616,0.013610,0.000051,0.003572,-0.016749,-0.013796,0.011240,-0.002228,0.004542,0.006717,0.007396,-0.001361,0.002529,-0.004598,-0.004790,0.014020,0.014788,-0.001372,-0.002812,1.000000,0.001418,-0.003337,0.009994,-0.000762,-0.024187,0.004591,-0.004644,-0.000575,-0.009446,-0.004803,0.014566,-0.016376,0.008452,0.025877,-0.009597,-0.006034,0.006463,-0.007202,-0.013009,-0.020217,-0.006590,0.009976,0.017411,0.001418,1.000000,
1.000000,0.006244,-0.002082,0.001850,0.009535,0.011337,0.010890,0.019895,0.004167,-0.017504,-0.020084,0.008844,-0.014270,-0.004891,0.004380,0.001898,0.000226,-0.004743,-0.007439,-0.009471,0.010586,-0.003957,0.004480,0.007680,0.019945,0.006244,1.000000,0.001544,0.010662,0.000801,-0.015079,0.003308,0.003871,-0.011801,0.000919,0.010345,-0.000748,0.010518,0.002733,-0.004825,0.013078,0.001474,0.006470,0.007797,-0.008244,-0.017467,0.022055,0.014098,0.004097,0.001131,-0.002082,0.001544,1.000000,-0.007646,0.009103,-0.007942,0.007720,-0.010103,0.008450,-0.003090,0.008693,0.001761,-0.001938,-0.013701,-0.024983,0.011495,-0.016810,-0.002652,-0.001148,-0.008320,0.005199,0.002161,-0.003873,0.004528,0.017853,0.001850,0.010662,-0.007646,1.000000,0.001673,0.010825,-0.001434,-0.005759,0.006136,-0.007838,0.007155,0.018584,0.008027,-0.002842,0.008208,0.007440,-0.003088,0.002578,0.002938,0.010151,-0.002117,-0.007817,-0.006231,0.008970,-0.000178,0.009535,0.000801,0.009103,0.001673,1.000000,-0.021247,0.012980,-0.004530,0.018787,0.003352,-0.008906,0.009894,-0.014833,0.007925,0.018460,-0.001740,0.019838,-0.000945,-0.000012,0.010474,0.006155,0.004692,-0.008607,-0.010208,-0.008659,0.011337,-0.015079,-0.007942,0.010825,-0.021247,1.000000,-0.016157,0.012548,-0.008519,0.021049,0.006059,-0.000579,0.009967,0.006454,-0.004210,-0.000650,-0.027695,0.000228,0.007480,-0.003736,-0.005107,-0.004979,0.003039,-0.000961,0.002172,0.010890,0.003308,0.007720,-0.001434,0.012980,-0.016157,1.000000,-0.003527,-0.004114,-0.004067,0.000919,-0.000830,-0.006554,-0.006275,0.004414,-0.004330,0.001046,0.003561,0.019092,-0.001289,0.007350,-0.016430,0.009146,0.000345,-0.007961,0.019895,0.003871,-0.010103,-0.005759,-0.004530,0.012548,-0.003527,1.000000,0.018540,-0.000319,-0.011703,-0.015965,-0.005457,0.005091,0.000783,0.002316,0.020191,-0.005953,0.006534,0.000507,0.005423,-0.001564,0.004866,-0.001534,-0.021648,0.004167,-0.011801,0.008450,0.006136,0.018787,-0.008519,-0.004114,0.018540,1.000000,-0.000526,-0.017155,0.004345,-0.006113,0.000060,0.007227,0.000131,0.008113,0.002727,0.001793,0.006635,-0.001723,0.015946,-0.009303,0.003898,-0.021930,-0.017504,0.000919,-0.003090,-0.007838,0.003352,0.021049,-0.004067,-0.000319,-0.000526,1.000000,-0.009090,0.000367,-0.002149,-0.010683,0.008816,-0.007123,0.001430,-0.016044,0.012680,-0.013299,-0.005438,-0.005233,0.007940,0.005940,-0.020758,-0.020084,0.010345,0.008693,0.007155,-0.008906,0.006059,0.000919,-0.011703,-0.017155,-0.009090,1.000000,-0.005440,0.004063,0.014302,0.003019,0.000694,0.012797,0.007348,-0.001548,-0.003519,-0.007204,0.000961,0.006528,-0.001873,0.005852,0.008844,-0.000748,0.001761,0.018584,0.009894,-0.000579,-0.000830,-0.015965,0.004345,0.000367,-0.005440,1.000000,0.000223,0.005364,-0.014393,-0.013166,0.013528,-0.006419,-0.006455,0.014758,-0.015131,0.007186,0.011974,-0.000827,0.006819,-0.014270,0.010518,-0.001938,0.008027,-0.014833,0.009967,-0.006554,-0.005457,-0.006113,-0.002149,0.004063,0.000223,1.000000,0.008058,0.005789,0.001346,-0.018485,0.023831,-0.018117,0.009469,-0.001114,0.002223,0.003442,-0.001758,-0.006630,-0.004891,0.002733,-0.013701,-0.002842,0.007925,0.006454,-0.006275,0.005091,0.000060,-0.010683,0.014302,0.005364,0.008058,1.000000,-0.003383,-0.002914,-0.015594,0.009753,-0.003937,0.002891,-0.009220,0.001764,-0.007468,-0.013868,-0.002952,0.004380,-0.004825,-0.024983,0.008208,0.018460,-0.004210,0.004414,0.000783,0.007227,0.008816,0.003019,-0.014393,0.005789,-0.003383,1.000000,-0.007217,0.008437,-0.016791,0.000426,-0.001180,0.006367,-0.000793,0.003213,-0.003988,0.005991,0.001898,0.013078,0.011495,0.007440,-0.001740,-0.000650,-0.004330,0.002316,0.000131,-0.007123,0.000694,-0.013166,0.001346,-0.002914,-0.007217,1.000000,0.000578,0.012446,-0.008273,0.017704,-0.005772,0.008035,-0.001937,-0.005537,0.008755,0.000226,0.001474,-0.016810,-0.003088,0.019838,-0.027695,0.001046,0.020191,0.008113,0.001430,0.012797,0.013528,-0.018485,-0.015594,0.008437,0.000578,1.000000,0.024706,0.008921,0.003375,-0.000424,-0.012078,-0.021343,-0.019343,-0.011903,-0.004743,0.006470,-0.002652,0.002578,-0.000945,0.000228,0.003561,-0.005953,0.002727,-0.016044,0.007348,-0.006419,0.023831,0.009753,-0.016791,0.012446,0.024706,1.000000,-0.008872,-0.005657,0.008497,-0.008419,0.002365,0.004765,0.005625,-0.007439,0.007797,-0.001148,0.002938,-0.000012,0.007480,0.019092,0.006534,0.001793,0.012680,-0.001548,-0.006455,-0.018117,-0.003937,0.000426,-0.008273,0.008921,-0.008872,1.000000,0.009040,-0.010933,0.001946,0.021503,-0.005300,0.021673,-0.009471,-0.008244,-0.008320,0.010151,0.010474,-0.003736,-0.001289,0.000507,0.006635,-0.013299,-0.003519,0.014758,0.009469,0.002891,-0.001180,0.017704,0.003375,-0.005657,0.009040,1.000000,-0.009786,0.000357,0.000320,-0.019682,-0.003143,0.010586,-0.017467,0.005199,-0.002117,0.006155,-0.005107,0.007350,0.005423,-0.001723,-0.005438,-0.007204,-0.015131,-0.001114,-0.009220,0.006367,-0.005772,-0.000424,0.008497,-0.010933,-0.009786,1.000000,-0.010330,-0.009469,0.002934,-0.002095,-0.003957,0.022055,0.002161,-0.007817,0.004692,-0.004979,-0.016430,-0.001564,0.015946,-0.005233,0.000961,0.007186,0.002223,0.001764,-0.000793,0.008035,-0.012078,-0.008419,0.001946,0.000357,-0.010330,1.000000,0.005574,0.003574,0.018419,0.004480,0.014098,-0.003873,-0.006231,-0.008607,0.003039,0.009146,0.004866,-0.009303,0.007940,0.006528,0.011974,0.003442,-0.007468,0.003213,-0.001937,-0.021343,0.002365,0.021503,0.000320,-0.009469,0.005574,1.000000,0.001551,0.004035,0.007680,0.004097,0.004528,0.008970,-0.010208,-0.000961,0.000345,-0.001534,0.003898,0.005940,-0.001873,-0.000827,-0.001758,-0.013868,-0.003988,-0.005537,-0.019343,0.004765,-0.005300,-0.019682,0.002934,0.003574,0.001551,1.000000,-0.013966,0.019945,0.001131,0.017853,-0.000178,-0.008659,0.002172,-0.007961,-0.021648,-0.021930,-0.020758,0.005852,0.006819,-0.006630,-0.002952,0.005991,0.008755,-0.011903,0.005625,0.021673,-0.003143,-0.002095,0.018419,0.004035,-0.013966,1.000000,
1.000000,0.013138,0.001570,0.007757,0.005784,-0.013832,0.000086,0.004743,0.001931,0.006392,-0.006826,0.006364,-0.018958,-0.017763,0.008885,0.010634,-0.000906,0.005569,0.012362,0.001537,0.001883,0.014771,0.010639,-0.008326,-0.010229,-0.012368,0.013138,1.000000,-0.011610,-0.009815,-0.003806,0.000324,-0.019172,-0.001619,-0.012423,-0.006803,0.011992,-0.007080,0.015015,0.001413,0.013762,-0.015389,-0.006169,-0.007878,-0.001347,0.010379,-0.012973,0.005590,-0.006055,0.008295,0.000191,-0.009456,0.001570,-0.011610,1.000000,0.012993,0.009797,-0.000437,-0.025987,-0.004809,-0.008411,0.014399,-0.002004,-0.002638,0.007407,0.005406,-0.001419,-0.006995,-0.004585,-0.002237,-0.002175,0.002390,0.011813,0.006795,0.003974,-0.011255,0.015396,-0.001827,0.007757,-0.009815,0.012993,1.000000,0.007596,0.001747,0.005020,0.010587,-0.005416,0.006198,-0.007406,-0.005656,0.016810,0.004009,0.014374,0.004408,-0.010379,-0.010055,0.004837,0.012185,-0.000381,-0.008607,-0.014239,-0.017080,-0.020007,0.005162,0.005784,-0.003806,0.009797,0.007596,1.000000,0.011382,-0.004993,-0.003805,-0.011006,0.008999,0.009398,-0.020824,0.002804,0.002003,-0.014411,0.003203,-0.000792,-0.002821,-0.000786,-0.003406,0.002807,0.002197,-0.003014,0.000172,0.004798,0.006386,-0.013832,0.000324,-0.000437,0.001747,0.011382,1.000000,-0.002698,0.000330,-0.018886,0.007991,-0.010031,0.012318,-0.002147,0.006647,-0.005540,-0.010562,0.007114,-0.000479,0.002793,-0.003677,-0.003701,0.013965,0.005005,-0.018396,0.014169,0.002401,0.000086,-0.019172,-0.025987,0.005020,-0.004993,-0.002698,1.000000,0.002026,0.007231,0.000804,-0.000389,0.011909,-0.001020,0.007783,-0.008148,0.009385,-0.010643,-0.006097,-0.025474,0.001229,0.013763,-0.009987,0.003673,-0.011458,-0.002988,-0.000526,0.004743,-0.001619,-0.004809,0.010587,-0.003805,0.000330,0.002026,1.000000,0.007179,-0.010803,-0.005608,0.005329,-0.008587,0.011812,-0.011436,0.006610,-0.016572,0.000930,-0.000951,0.008381,0.000225,-0.004809,0.013552,0.007504,0.009392,-0.000250,0.001931,-0.012423,-0.008411,-0.005416,-0.011006,-0.018886,0.007231,0.007179,1.000000,-0.014803,-0.002809,0.014116,0.003816,-0.000186,-0.015043,-0.023788,0.001034,-0.004285,0.031861,-0.016823,-0.002170,-0.020411,0.001141,-0.004918,0.010990,0.000140,0.006392,-0.006803,0.014399,0.006198,0.008999,0.007991,0.000804,-0.010803,-0.014803,1.000000,-0.006801,0.008991,-0.015798,-0.003398,0.006195,-0.000999,0.005004,-0.003411,-0.004193,-0.000803,0.005404,0.015599,-0.000007,0.005187,-0.005001,-0.016608,-0.006826,0.011992,-0.002004,-0.007406,0.009398,-0.010031,-0.000389,-0.005608,-0.002809,-0.006801,1.000000,-0.003031,0.004206,0.031005,-0.005815,0.006604,0.002212,0.014572,0.012622,0.010392,-0.029790,-0.003604,0.006379,-0.008845,0.003396,-0.015823,0.006364,-0.007080,-0.002638,-0.005656,-0.020824,0.012318,0.011909,0.005329,0.014116,0.008991,-0.003031,1.000000,-0.013147,-0.002752,-0.009746,0.016844,-0.001083,-0.008291,-0.011803,0.015723,-0.005498,0.008563,-0.021608,-0.021011,0.003966,-0.007408,-0.018958,0.015015,0.007407,0.016810,0.002804,-0.002147,-0.001020,-0.008587,0.003816,-0.015798,0.004206,-0.013147,1.000000,0.003991,0.008827,-0.001208,0.021579,0.002854,-0.012038,-0.002985,-0.012019,0.016207,0.002238,-0.002526,-0.015994,-0.000362,-0.017763,0.001413,0.005406,0.004009,0.002003,0.006647,0.007783,0.011812,-0.000186,-0.003398,0.031005,-0.002752,0.003991,1.000000,-0.011177,-0.010007,0.010781,0.006448,0.000368,-0.004587,0.001183,-0.002194,0.000633,0.001466,0.008406,-0.001967,0.008885,0.013762,-0.001419,0.014374,-0.014411,-0.005540,-0.008148,-0.011436,-0.015043,0.006195,-0.005815,-0.009746,0.008827,-0.011177,1.000000,0.000420,0.002857,-0.006942,0.005698,-0.016639,-0.000750,0.011382,0.022903,0.000804,-0.007617,-0.012502,0.010634,-0.015389,-0.006995,0.004408,0.003203,-0.010562,0.009385,0.006610,-0.023788,-0.000999,0.006604,0.016844,-0.001208,-0.010007,0.000420,1.000000,0.003584,0.000040,0.009573,-0.001389,0.003986,-0.000995,0.012629,-0.009747,-0.010395,-0.014772,-0.000906,-0.006169,-0.004585,-0.010379,-0.000792,0.007114,-0.010643,-0.016572,0.001034,0.005004,0.002212,-0.001083,0.021579,0.010781,0.002857,0.003584,1.000000,-0.002286,-0.008080,-0.014569,-0.005641,0.003815,-0.012121,0.001960,0.002014,-0.021920,0.005569,-0.007878,-0.002237,-0.010055,-0.002821,-0.000479,-0.006097,0.000930,-0.004285,-0.003411,0.014572,-0.008291,0.002854,0.006448,-0.006942,0.000040,-0.002286,1.000000,0.007396,-0.013079,-0.000299,0.018166,-0.010801,-0.008197,0.013568,-0.012604,0.012362,-0.001347,-0.002175,0.004837,-0.000786,0.002793,-0.025474,-0.000951,0.031861,-0.004193,0.012622,-0.011803,-0.012038,0.000368,0.005698,0.009573,-0.008080,0.007396,1.000000,-0.015748,-0.016871,0.018227,0.001137,-0.014333,-0.019178,-0.007462,0.001537,0.010379,0.002390,0.012185,-0.003406,-0.003677,0.001229,0.008381,-0.016823,-0.000803,0.010392,0.015723,-0.002985,-0.004587,-0.016639,-0.001389,-0.014569,-0.013079,-0.015748,1.000000,0.001428,-0.004410,-0.019256,-0.021714,-0.008609,-0.009456,0.001883,-0.012973,0.011813,-0.000381,0.002807,-0.003701,0.013763,0.000225,-0.002170,0.005404,-0.029790,-0.005498,-0.012019,0.001183,-0.000750,0.003986,-0.005641,-0.000299,-0.016871,0.001428,1.000000,0.002613,-0.014530,0.004342,0.018412,-0.005929,0.014771,0.005590,0.006795,-0.008607,0.002197,0.013965,-0.009987,-0.004809,-0.020411,0.015599,-0.003604,0.008563,0.016207,-0.002194,0.011382,-0.000995,0.003815,0.018166,0.018227,-0.004410,0.002613,1.000000,-0.007627,0.009551,-0.007004,-0.001827,0.010639,-0.006055,0.003974,-0.014239,-0.003014,0.005005,0.003673,0.013552,0.001141,-0.000007,0.006379,-0.021608,0.002238,0.000633,0.022903,0.012629,-0.012121,-0.010801,0.001137,-0.019256,-0.014530,-0.007627,1.000000,-0.009079,0.007377,0.006059,-0.008326,0.008295,-0.011255,-0.017080,0.000172,-0.018396,-0.011458,0.007504,-0.004918,0.005187,-0.008845,-0.021011,-0.002526,0.001466,0.000804,-0.009747,0.001960,-0.008197,-0.014333,-0.021714,0.004342,0.009551,-0.009079,1.000000,0.004955,-0.000081,-0.010229,0.000191,0.015396,-0.020007,0.004798,0.014169,-0.002988,0.009392,0.010990,-0.005001,0.003396,0.003966,-0.015994,0.008406,-0.007617,-0.010395,0.002014,0.013568,-0.019178,-0.008609,0.018412,-0.007004,0.007377,0.004955,1.000000,-0.013625,-0.012368,-0.009456,-0.001827,0.005162,0.006386,0.002401,-0.000526,-0.000250,0.000140,-0.016608,-0.015823,-0.007408,-0.000362,-0.001967,-0.012502,-0.014772,-0.021920,-0.012604,-0.007462,-0.009456,-0.005929,-0.001827,0.006059,-0.000081,-0.013625,1.000000,
1.000000,-0.000929,0.026605,0.001052,0.013251,-0.028315,0.003155,0.004991,-0.002789,-0.000678,-0.018404,0.003995,0.003637,-0.007015,-0.000445,-0.002825,-0.021370,0.009406,0.001152,-0.007925,0.004509,-0.006552,0.007642,-0.004378,-0.009799,0.003145,-0.004161,-0.000929,1.000000,-0.000823,-0.015060,-0.008447,0.017746,-0.011181,-0.003155,0.023348,0.001184,-0.003382,0.007428,-0.010787,-0.010327,0.010825,0.007526,0.007851,-0.004831,-0.003164,0.006623,0.011664,0.004961,-0.000007,0.012493,-0.003608,0.001675,-0.009398,0.026605,-0.000823,1.000000,-0.004817,-0.008616,0.010574,0.011815,0.006403,0.001396,0.002825,0.020601,-0.000998,-0.004612,-0.008795,0.001414,-0.017792,0.004791,0.017198,0.007016,-0.011026,-0.013175,-0.004816,0.005787,-0.013807,-0.019200,0.001018,0.000788,0.001052,-0.015060,-0.004817,1.000000,-0.001577,0.004667,-0.010041,0.004033,0.004960,-0.026130,0.003814,-0.004981,0.017669,0.000854,-0.000040,0.000690,-0.014511,0.010379,-0.006430,0.019131,0.023941,-0.002975,0.000450,-0.008280,-0.023608,0.013201,0.009060,0.013251,-0.008447,-0.008616,-0.001577,1.000000,-0.002321,0.003754,0.014232,0.003161,-0.005136,-0.016788,-0.028784,0.001873,-0.000948,0.017756,-0.017516,-0.010305,-0.001821,0.008965,0.002938,0.010921,-0.009168,-0.012945,-0.020477,-0.009406,-0.011012,0.018867,-0.028315,0.017746,0.010574,0.004667,-0.002321,1.000000,-0.002511,0.019865,-0.012878,-0.004500,0.010028,0.006436,0.008562,0.007501,0.002691,-0.011041,-0.002798,-0.001440,-0.005292,0.002304,0.017211,-0.002116,-0.019478,-0.010146,0.009793,-0.011245,-0.010059,0.003155,-0.011181,0.011815,-0.010041,0.003754,-0.002511,1.000000,-0.012629,0.018837,-0.004842,-0.006812,-0.004417,-0.001084,0.000953,-0.009341,-0.000478,0.001495,-0.005382,0.009053,-0.022968,-0.023697,-0.001249,0.009331,-0.007532,-0.004996,-0.004973,-0.008078,0.004991,-0.003155,0.006403,0.004033,0.014232,0.019865,-0.012629,1.000000,0.000207,-0.004850,0.008998,-0.003003,-0.028978,0.007990,0.002172,0.020185,-0.013181,0.002804,0.008570,-0.006953,0.001142,-0.007570,-0.012174,-0.006586,0.003201,0.000965,0.004825,-0.002789,0.023348,0.001396,0.004960,0.003161,-0.012878,0.018837,0.000207,1.000000,-0.003740,0.017603,-0.009996,-0.002830,0.017412,-0.007965,-0.004380,-0.015425,-0.002205,-0.002762,0.005941,0.004675,0.005762,0.025169,0.003183,0.002199,0.016446,-0.001031,-0.000678,0.001184,0.002825,-0.026130,-0.005136,-0.004500,-0.004842,-0.004850,-0.003740,1.000000,-0.002621,-0.004229,-0.002001,0.011121,-0.002842,0.014869,-0.003838,0.001233,0.002744,-0.006190,-0.023310,-0.008941,-0.005577,0.009120,-0.003593,0.007905,0.003413,-0.018404,-0.003382,0.020601,0.003814,-0.016788,0.010028,-0.006812,0.008998,0.017603,-0.002621,1.000000,0.017599,-0.002790,-0.017804,0.003188,0.005994,-0.006992,-0.004998,-0.007213,0.002821,0.010179,0.010214,-0.007989,-0.000794,-0.009000,-0.011216,-0.001390,0.003995,0.007428,-0.000998,-0.004981,-0.028784,0.006436,-0.004417,-0.003003,-0.009996,-0.004229,0.017599,1.000000,0.010014,0.002594,-0.001217,0.003991,0.009412,0.001002,-0.008818,0.001229,-0.015039,0.007819,0.003216,-0.008792,-0.009399,-0.007621,0.002215,0.003637,-0.010787,-0.004612,0.017669,0.001873,0.008562,-0.001084,-0.028978,-0.002830,-0.002001,-0.002790,0.010014,1.000000,0.006240,0.007317,0.002465,0.001722,0.003785,0.008525,-0.014202,0.012043,-0.010327,0.013494,-0.000057,0.014597,0.000543,-0.017104,-0.007015,-0.010327,-0.008795,0.000854,-0.000948,0.007501,0.000953,0.007990,0.017412,0.011121,-0.017804,0.002594,0.006240,1.000000,-0.007048,0.004574,-0.009568,0.009606,0.012551,0.003882,0.005904,-0.009550,0.012645,-0.015777,-0.002398,-0.013060,0.006042,-0.000445,0.010825,0.001414,-0.000040,0.017756,0.002691,-0.009341,0.002172,-0.007965,-0.002842,0.003188,-0.001217,0.007317,-0.007048,1.000000,-0.007279,-0.002906,-0.002981,0.008653,0.007040,0.007115,-0.014051,-0.002270,-0.006332,0.001805,0.008229,0.005523,-0.002825,0.007526,-0.017792,0.000690,-0.017516,-0.011041,-0.000478,0.020185,-0.004380,0.014869,0.005994,0.003991,0.002465,0.004574,-0.007279,1.000000,0.006653,0.006211,0.024319,0.012536,-0.007563,0.009886,-0.006728,0.006839,-0.000597,0.003504,-0.001331,-0.021370,0.007851,0.004791,-0.014511,-0.010305,-0.002798,0.001495,-0.013181,-0.015425,-0.003838,-0.006992,0.009412,0.001722,-0.009568,-0.002906,0.006653,1.000000,-0.004013,-0.015701,0.008840,0.002196,0.003498,0.007713,0.010954,0.001597,0.005518,0.016718,0.009406,-0.004831,0.017198,0.010379,-0.001821,-0.001440,-0.005382,0.002804,-0.002205,0.001233,-0.004998,0.001002,0.003785,0.009606,-0.002981,0.006211,-0.004013,1.000000,0.002620,-0.011435,-0.012765,0.006780,0.006983,0.005791,-0.000801,-0.002977,0.006384,0.001152,-0.003164,0.007016,-0.006430,0.008965,-0.005292,0.009053,0.008570,-0.002762,0.002744,-0.007213,-0.008818,0.008525,0.012551,0.008653,0.024319,-0.015701,0.002620,1.000000,0.001855,-0.010912,-0.000439,0.002539,-0.016729,-0.016196,-0.004585,-0.016071,-0.007925,0.006623,-0.011026,0.019131,0.002938,0.002304,-0.022968,-0.006953,0.005941,-0.006190,0.002821,0.001229,-0.014202,0.003882,0.007040,0.012536,0.008840,-0.011435,0.001855,1.000000,0.017101,-0.008061,0.015382,0.013486,-0.009410,-0.004106,0.003991,0.004509,0.011664,-0.013175,0.023941,0.010921,0.017211,-0.023697,0.001142,0.004675,-0.023310,0.010179,-0.015039,0.012043,0.005904,0.007115,-0.007563,0.002196,-0.012765,-0.010912,0.017101,1.000000,-0.013693,-0.001132,-0.018464,0.017215,-0.002957,0.005456,-0.006552,0.004961,-0.004816,-0.002975,-0.009168,-0.002116,-0.001249,-0.007570,0.005762,-0.008941,0.010214,0.007819,-0.010327,-0.009550,-0.014051,0.009886,0.003498,0.006780,-0.000439,-0.008061,-0.013693,1.000000,-0.008342,-0.003875,0.013196,-0.000813,-0.005734,0.007642,-0.000007,0.005787,0.000450,-0.012945,-0.019478,0.009331,-0.012174,0.025169,-0.005577,-0.007989,0.003216,0.013494,0.012645,-0.002270,-0.006728,0.007713,0.006983,0.002539,0.015382,-0.001132,-0.008342,1.000000,0.001536,0.006196,0.006162,0.006486,-0.004378,0.012493,-0.013807,-0.008280,-0.020477,-0.010146,-0.007532,-0.006586,0.003183,0.009120,-0.000794,-0.008792,-0.000057,-0.015777,-0.006332,0.006839,0.010954,0.005791,-0.016729,0.013486,-0.018464,-0.003875,0.001536,1.000000,-0.005002,0.000885,0.016941,-0.009799,-0.003608,-0.019200,-0.023608,-0.009406,0.009793,-0.004996,0.003201,0.002199,-0.003593,-0.009000,-0.009399,0.014597,-0.002398,0.001805,-0.000597,0.001597,-0.000801,-0.016196,-0.009410,0.017215,0.013196,0.006196,-0.005002,1.000000,0.011007,0.001996,0.003145,0.001675,0.001018,0.013201,-0.011012,-0.011245,-0.004973,0.000965,0.016446,0.007905,-0.011216,-0.007621,0.000543,-0.013060,0.008229,0.003504,0.005518,-0.002977,-0.004585,-0.004106,-0.002957,-0.000813,0.006162,0.000885,0.011007,1.000000,0.000752,-0.004161,-0.009398,0.000788,0.009060,0.018867,-0.010059,-0.008078,0.004825,-0.001031,0.003413,-0.001390,0.002215,-0.017104,0.006042,0.005523,-0.001331,0.016718,0.006384,-0.016071,0.003991,0.005456,-0.005734,0.006486,0.016941,0.001996,0.000752,1.000000,
1.000000,0.004199,0.005400,-0.010400,-0.007803,-0.002585,-0.007780,0.004406,-0.023191,0.005197,-0.008218,-0.004589,0.002008,0.001989,0.007007,0.014167,0.005777,0.008426,-0.030007,-0.001229,-0.016225,-0.016402,-0.006609,0.017435,-0.019605,-0.003211,0.005590,-0.013616,0.004199,1.000000,-0.009600,-0.005800,0.024799,-0.001597,0.011605,0.009801,-0.005798,-0.023001,-0.020005,0.026803,0.007402,0.000198,-0.005599,0.012795,-0.000005,-0.000995,0.016599,-0.016209,0.004795,0.003800,-0.013602,0.010009,0.018199,0.006998,-0.005402,0.014197,0.005400,-0.009600,1.000000,0.000600,0.008000,-0.008800,0.006000,0.011800,0.009000,-0.010200,-0.002400,-0.006400,-0.011000,-0.009400,0.008800,0.001600,0.014001,0.002200,-0.018600,-0.009801,0.003600,-0.018200,-0.001600,0.004001,-0.018600,0.003000,-0.003000,-0.008600,-0.010400,-0.005800,0.000600,1.000000,-0.014200,-0.005802,-0.006203,0.000399,-0.000001,-0.000400,-0.002598,-0.010601,0.001999,-0.003999,-0.007801,0.009806,0.009003,0.012798,-0.000799,0.000003,0.000203,-0.002400,0.011401,0.005797,-0.010400,-0.008399,-0.001199,0.023203,-0.007803,0.024799,0.008000,-0.014200,1.000000,-0.003187,0.003619,0.005005,-0.002591,-0.010202,-0.010416,-0.014390,-0.018993,0.004990,-0.000394,-0.005233,-0.003221,-0.002978,0.006994,0.020177,0.001979,0.012198,-0.002408,-0.005172,0.007396,0.001390,-0.005809,0.020187,-0.002585,-0.001597,-0.008800,-0.005802,-0.003187,1.000000,-0.008498,0.001371,0.009755,-0.004588,0.016882,0.017547,0.025366,-0.002548,0.001170,0.004169,-0.014694,-0.001916,0.014233,0.020740,0.010512,0.002208,-0.003160,0.009451,0.006222,-0.010548,0.013846,0.003472,-0.007780,0.011605,0.006000,-0.006203,0.003619,-0.008498,1.000000,-0.030242,-0.015464,0.001416,-0.020291,-0.000874,-0.011450,0.007873,0.008359,0.019437,-0.001852,-0.002761,-0.007356,-0.007614,-0.005048,-0.004589,0.012857,0.012194,-0.008170,-0.006529,-0.001337,-0.009701,0.004406,0.009801,0.011800,0.000399,0.005005,0.001371,-0.030242,1.000000,0.006782,0.005205,0.016233,-0.011822,0.000386,0.006421,-0.008212,0.015871,0.003044,0.009954,0.006813,0.003256,-0.008556,-0.005197,0.007016,-0.011063,0.006809,-0.004379,0.001218,-0.011571,-0.023191,-0.005798,0.009000,-0.000001,-0.002591,0.009755,-0.015464,0.006782,1.000000,-0.008393,-0.003748,0.001365,-0.000423,-0.008767,-0.011420,0.010310,-0.003731,-0.013676,-0.009580,-0.005513,0.003872,0.007606,0.000626,0.004504,0.008814,0.004834,-0.020771,-0.006754,0.005197,-0.023001,-0.010200,-0.000400,-0.010202,-0.004588,0.001416,0.005205,-0.008393,1.000000,0.018187,0.011809,-0.001594,0.001591,-0.009395,-0.017432,-0.003818,-0.010382,0.027195,-0.000423,-0.007419,0.007199,0.002193,0.015428,0.008796,0.000791,0.010793,-0.011212,-0.008218,-0.020005,-0.002400,-0.002598,-0.010416,0.016882,-0.020291,0.016233,-0.003748,0.018187,1.000000,0.002462,-0.010960,-0.003460,0.013635,0.003409,0.001477,0.002733,0.015764,-0.015158,-0.003727,0.002991,-0.009247,0.005774,-0.002625,-0.013460,0.000548,0.003318,-0.004589,0.026803,-0.006400,-0.010601,-0.014390,0.017547,-0.000874,-0.011822,0.001365,0.011809,0.002462,1.000000,0.023774,-0.005361,0.004377,-0.002673,0.004882,-0.008689,-0.000576,0.008705,0.030488,0.004206,-0.003569,0.004686,0.014217,-0.005361,0.021835,0.013456,0.002008,0.007402,-0.011000,0.001999,-0.018993,0.025366,-0.011450,0.000386,-0.000423,-0.001594,-0.010960,0.023774,1.000000,0.010026,-0.001815,0.005085,0.004654,0.010743,0.010416,-0.005533,0.003056,-0.010796,-0.001780,0.000124,0.011611,-0.007174,0.010423,-0.009564,0.001989,0.000198,-0.009400,-0.003999,0.004990,-0.002548,0.007873,0.006421,-0.008767,0.001591,-0.003460,-0.005361,0.010026,1.000000,-0.018578,-0.023129,-0.004280,-0.009916,-0.006824,-0.005701,-0.007483,0.017994,0.010171,0.016715,-0.000016,-0.000438,-0.009234,0.020748,0.007007,-0.005599,0.008800,-0.007801,-0.000394,0.001170,0.008359,-0.008212,-0.011420,-0.009395,0.013635,0.004377,-0.001815,-0.018578,1.000000,0.006473,0.000846,0.004951,0.010214,-0.000942,0.007248,0.011804,0.019618,0.003136,-0.003391,0.010623,-0.005781,0.006231,0.014167,0.012795,0.001600,0.009806,-0.005233,0.004169,0.019437,0.015871,0.010310,-0.017432,0.003409,-0.002673,0.005085,-0.023129,0.006473,1.000000,0.011747,0.018081,0.001724,0.007879,0.015741,0.003381,0.010706,0.015966,-0.008254,0.002477,-0.002308,-0.001972,0.005777,-0.000005,0.014001,0.009003,-0.003221,-0.014694,-0.001852,0.003044,-0.003731,-0.003818,0.001477,0.004882,0.004654,-0.004280,0.000846,0.011747,1.000000,-0.008825,-0.007049,0.001193,-0.004970,-0.007813,0.000739,0.031438,-0.001433,-0.000279,-0.004670,-0.025113,0.008426,-0.000995,0.002200,0.012798,-0.002978,-0.001916,-0.002761,0.009954,-0.013676,-0.010382,0.002733,-0.008689,0.010743,-0.009916,0.004951,0.018081,-0.008825,1.000000,0.008453,0.023029,-0.000818,0.009615,-0.001734,-0.000449,-0.000764,-0.012316,-0.011927,0.010920,-0.030007,0.016599,-0.018600,-0.000799,0.006994,0.014233,-0.007356,0.006813,-0.009580,0.027195,0.015764,-0.000576,0.010416,-0.006824,0.010214,0.001724,-0.007049,0.008453,1.000000,-0.000862,0.012951,0.003596,-0.002618,-0.021735,0.000790,0.015177,-0.009621,0.010368,-0.001229,-0.016209,-0.009801,0.000003,0.020177,0.020740,-0.007614,0.003256,-0.005513,-0.000423,-0.015158,0.008705,-0.005533,-0.005701,-0.000942,0.007879,0.001193,0.023029,-0.000862,1.000000,-0.000814,0.005985,0.015724,0.009694,-0.002442,0.004300,-0.007289,0.001461,-0.016225,0.004795,0.003600,0.000203,0.001979,0.010512,-0.005048,-0.008556,0.003872,-0.007419,-0.003727,0.030488,0.003056,-0.007483,0.007248,0.015741,-0.004970,-0.000818,0.012951,-0.000814,1.000000,-0.018615,-0.000463,0.013041,0.012567,-0.007483,0.018131,0.010888,-0.016402,0.003800,-0.018200,-0.002400,0.012198,0.002208,-0.004589,-0.005197,0.007606,0.007199,0.002991,0.004206,-0.010796,0.017994,0.011804,0.003381,-0.007813,0.009615,0.003596,0.005985,-0.018615,1.000000,0.008595,0.005819,-0.001603,-0.002406,-0.001605,0.010392,-0.006609,-0.013602,-0.001600,0.011401,-0.002408,-0.003160,0.012857,0.007016,0.000626,0.002193,-0.009247,-0.003569,-0.001780,0.010171,0.019618,0.010706,0.000739,-0.001734,-0.002618,0.015724,-0.000463,0.008595,1.000000,-0.007115,-0.013813,-0.005030,0.002974,0.003759,0.017435,0.010009,0.004001,0.005797,-0.005172,0.009451,0.012194,-0.011063,0.004504,0.015428,0.005774,0.004686,0.000124,0.016715,0.003136,0.015966,0.031438,-0.000449,-0.021735,0.009694,0.013041,0.005819,-0.007115,1.000000,0.013049,-0.014891,0.006698,0.002755,-0.019605,0.018199,-0.018600,-0.010400,0.007396,0.006222,-0.008170,0.006809,0.008814,0.008796,-0.002625,0.014217,0.011611,-0.000016,-0.003391,-0.008254,-0.001433,-0.000764,0.000790,-0.002442,0.012567,-0.001603,-0.013813,0.013049,1.000000,0.004784,-0.010414,0.018378,-0.003211,0.006998,0.003000,-0.008399,0.001390,-0.010548,-0.006529,-0.004379,0.004834,0.000791,-0.013460,-0.005361,-0.007174,-0.000438,0.010623,0.002477,-0.000279,-0.012316,0.015177,0.004300,-0.007483,-0.002406,-0.005030,-0.014891,0.004784,1.000000,0.009967,0.005147,0.005590,-0.005402,-0.003000,-0.001199,-0.005809,0.013846,-0.001337,0.001218,-0.020771,0.010793,0.000548,0.021835,0.010423,-0.009234,-0.005781,-0.002308,-0.004670,-0.011927,-0.009621,-0.007289,0.018131,-0.001605,0.002974,0.006698,-0.010414,0.009967,1.000000,-0.012847,-0.013616,0.014197,-0.008600,0.023203,0.020187,0.003472,-0.009701,-0.011571,-0.006754,-0.011212,0.003318,0.013456,-0.009564,0.020748,0.006231,-0.001972,-0.025113,0.010920,0.010368,0.001461,0.010888,0.010392,0.003759,0.002755,0.018378,0.005147,-0.012847,1.000000,
